Country Name,Country Code,Indicator Name,Indicator Code,1960,1961,1962,1963,1964,1965,1966,1967,1968,1969,1970,1971,1972,1973,1974,1975,1976,1977,1978,1979,1980,1981,1982,1983,1984,1985,1986,1987,1988,1989,1990,1991,1992,1993,1994,1995,1996,1997,1998,1999,2000,2001,2002,2003,2004,2005,2006,2007,2008,2009,2010,2011,2012,2013,2014,2015,2016,2017,2018,2019,2020,2021
Aruba,ABW,Tax revenue (% of GDP),GC.TAX.TOTL.GD.ZS,,,,,,,,,,,,,,,,,,,,,,,,,,,,,,,,,,,,,,,,,,,,,,,,,,,,,,,,,,,,,,
Africa Eastern and Southern,AFE,Tax revenue (% of GDP),GC.TAX.TOTL.GD.ZS,,,,,,,,,,,,,,,,,,,,,,,,,,,,,,,,,,,,,,,,18.0301037,,,,,,,,,,17.38627794,17.36346966,17.55811475,18.03828172,18.20249908,18.28698479,17.47028209,17.14113023,17.8712242,17.85969392,18.61539828,,
Afghanistan,AFG,Tax revenue (% of GDP),GC.TAX.TOTL.GD.ZS,,,,,,,,,,,,,,,,,,,,,,,,,,,,,,,,,,,,,,,,,,,,,,,6.967597575,5.283456604,6.08796493,8.481758361,9.169751919,8.916793996,7.707800603,7.12277329,6.882102943,7.585382331,9.502652783,9.898450897,,,,
Africa Western and Central,AFW,Tax revenue (% of GDP),GC.TAX.TOTL.GD.ZS,,,,,,,,,,,,,,,,,,,,,,,,,,,,,,,,,,,,,,,,,,,,,,,,,,,,,,,,,,,,,,
Angola,AGO,Tax revenue (% of GDP),GC.TAX.TOTL.GD.ZS,,,,,,,,,,,,,,,,,,,,,,,,,,,,,,,,,,,,,,,,16.29397166,28.70338216,29.24667572,15.53281183,17.17158036,18.07457012,17.10911781,23.38516999,21.49916056,25.65014986,18.36107923,16.59994721,16.10341244,14.82271911,14.18476266,13.54263016,11.00201902,9.732512484,9.223777502,9.644778503,10.0903858,,
Albania,ALB,Tax revenue (% of GDP),GC.TAX.TOTL.GD.ZS,,,,,,,,,,,,,,,,,,,,,,,,,,,,,,,,,,,,13.6007883,8.861718692,9.904836957,14.5689441,,,,16.48424227,17.19613774,17.96507586,,,,,,,18.02201328,17.48323356,16.50327061,18.30193614,18.51578986,17.59022981,18.88749198,18.54595166,18.14437719,17.01790695,
Andorra,AND,Tax revenue (% of GDP),GC.TAX.TOTL.GD.ZS,,,,,,,,,,,,,,,,,,,,,,,,,,,,,,,,,,,,,,,,,,,,,,,,,,,,,,,,,,,,,,
Arab World,ARB,Tax revenue (% of GDP),GC.TAX.TOTL.GD.ZS,,,,,,,,,,,,,,,,,,,,,,,,,,,,,,,,,,,,,,,,,,,,,,,,,,,,,,,5.350758603,5.535846947,,,,,,
United Arab Emirates,ARE,Tax revenue (% of GDP),GC.TAX.TOTL.GD.ZS,,,,,,,,,,,,,,,,,,,,,,,,,,,,,,,,,,,,,,0.992336344,1.075872392,1.122447005,,,,,,,,,,,,0.321413841,0.363786289,0.370450598,0.355723056,0.057734042,0.043494689,0.066457191,0.059310281,0.974042422,0.664230128,
Argentina,ARG,Tax revenue (% of GDP),GC.TAX.TOTL.GD.ZS,,,,,,,,,,,,,,,,,,,,,,,,,,,,,,,4.838513147,5.008236547,5.547922134,8.015138006,8.126437228,8.054357652,8.171787775,8.690086356,9.030526186,9.076124336,9.622603502,9.324898794,9.818958347,12.5187797,13.1007799,13.10317565,12.8788867,12.44826845,13.31784636,12.38304156,12.85304269,12.6636277,12.95284151,12.45290276,12.61096661,12.33650694,12.09728364,10.93962386,9.992390084,10.47592157,10.75849815,
Armenia,ARM,Tax revenue (% of GDP),GC.TAX.TOTL.GD.ZS,,,,,,,,,,,,,,,,,,,,,,,,,,,,,,,,,,,,,,,,,,,,,13.99640565,14.33566341,14.39598656,15.96253173,17.32175873,16.50586323,17.0700514,17.21941905,17.49164208,21.58621388,21.59917455,20.93122083,21.27737528,20.78065336,20.8701039,22.28517099,21.86126269,
American Samoa,ASM,Tax revenue (% of GDP),GC.TAX.TOTL.GD.ZS,,,,,,,,,,,,,,,,,,,,,,,,,,,,,,,,,,,,,,,,,,,,,,,,,,,,,,,,,,,,,,
Antigua and Barbuda,ATG,Tax revenue (% of GDP),GC.TAX.TOTL.GD.ZS,,,,,,,,,,,,,,,,,,,,,,,,,,,,,,,,,,,,,,,,,,,,,,,,,,,,,,,,,,,,,,
Australia,AUS,Tax revenue (% of GDP),GC.TAX.TOTL.GD.ZS,,,,,,,,,,,,,17.83822605,17.01551243,18.05412926,19.86896194,20.29336628,20.52766117,20.398881,19.76361448,20.40637486,21.45528509,21.57892643,21.70718964,21.00521131,22.50121063,22.56879186,23.22288294,23.13861346,22.65221584,22.43721096,22.33372588,20.64283048,19.9809553,20.00758651,21.17398473,21.88613715,22.39198788,22.24382772,22.4468695,23.05726574,24.89364865,23.57516554,24.31807703,24.27776394,24.77738757,24.53998053,24.06896127,24.22930364,22.03800493,20.50100625,20.33199849,21.11222533,21.9560104,21.90856356,21.88426984,22.27430773,22.08576752,23.19351734,23.41770851,22.59602618,
Austria,AUT,Tax revenue (% of GDP),GC.TAX.TOTL.GD.ZS,,,,,,,,,,,,,17.8887855,18.19695102,18.39734103,18.01092541,17.86233232,17.9992932,18.77754974,18.55011633,18.57800458,18.94982565,18.1904204,18.03258878,18.96407751,18.10378408,17.97233676,17.72008416,18.56280078,17.80575187,17.98108333,18.16717856,18.9204805,18.93545577,18.34557306,24.60010617,25.94003601,26.79771217,26.88984546,26.6278222,26.22507988,27.96557199,26.97550032,26.64696993,26.30867249,25.51395546,25.05044256,25.39199432,26.07751972,25.22516524,25.28163551,25.42798528,25.92819764,26.41517309,26.41789831,26.82616742,25.41916923,25.42222618,25.40761932,25.55971855,24.29672412,
Azerbaijan,AZE,Tax revenue (% of GDP),GC.TAX.TOTL.GD.ZS,,,,,,,,,,,,,,,,,,,,,,,,,,,,,,,,,,,25.55916733,17.95407255,9.85045744,10.69380996,12.679335,12.73345872,,,,,,,,,16.42117537,14.10670899,12.15777699,12.22476095,12.77863937,13.38833316,14.21253565,15.60316293,14.55551657,13.16404551,12.97127179,14.21885265,,
Burundi,BDI,Tax revenue (% of GDP),GC.TAX.TOTL.GD.ZS,,,,,,,,,,,,,,10.34690886,10.67691572,8.855990613,11.36892511,13.47857673,14.96532248,14.09448674,13.00507156,11.60934802,,,,,,,,,,15.14266298,15.12278396,14.92891631,15.61605477,16.67820658,13.43899658,11.42036173,14.34765867,13.59744181,,,,,,,,,,,,,,,,,,,,,,
Belgium,BEL,Tax revenue (% of GDP),GC.TAX.TOTL.GD.ZS,,,,,,,,,,,,,,,,,,,,,,,,,,,,,,,,,,,,25.6224194,26.02989167,26.56702432,27.16304179,27.00951188,27.27474136,26.78651211,25.71234509,25.07661801,25.53796126,25.47132993,25.28775048,24.78853753,25.25416988,23.78146279,24.46824242,24.93665681,25.82414125,26.19084708,26.13452545,24.35453781,22.84232918,23.44825897,24.00643176,22.64052548,22.11901303,
Benin,BEN,Tax revenue (% of GDP),GC.TAX.TOTL.GD.ZS,,,,,,,,,,,,,,,,,13.05749474,12.97267119,12.26007922,10.78914255,,,,,,,,,,,,,,,,,,,,,,,,,,,,,,,,,,,,,,,,,,
Burkina Faso,BFA,Tax revenue (% of GDP),GC.TAX.TOTL.GD.ZS,,,,,,,,,,,,,,,,,,,,,,,,,,,,,,,,,,,,,,,,,,,9.661383768,9.861311204,11.29101966,10.44973408,10.77840826,11.27918912,10.54887635,11.12763173,11.31006465,12.21949136,13.88996243,14.94864196,13.66382751,13.2802007,14.1391533,15.26072123,15.29241208,15.5000892,13.27535608,
Bangladesh,BGD,Tax revenue (% of GDP),GC.TAX.TOTL.GD.ZS,,,,,,,,,,,,,,,,,,,,,,,,,,,,,,,,,,,,,,,,,,6.611160271,6.691384191,6.965213904,7.046448418,7.135670039,7.043304058,6.917262669,7.656029883,7.498116263,7.834684749,8.685924706,9.02456269,8.962413316,8.635377737,8.498348828,7.316911848,6.997142632,7.731772166,7.638638955,7.001536523,
Bulgaria,BGR,Tax revenue (% of GDP),GC.TAX.TOTL.GD.ZS,,,,,,,,,,,,,,,,,,,,,,,,,,,,,,,23.83312845,22.33382461,16.90338645,15.21378387,21.23896499,11.15665552,12.06858082,18.5226349,19.37550274,20.03229893,20.45799379,19.78049413,18.14766581,20.11518505,21.02956946,20.88552244,21.81202041,21.77419266,21.99099848,18.5864989,17.87379969,17.88312736,18.38465076,19.68905965,19.5660132,20.07144662,20.32427949,20.51170383,19.9038858,20.47376095,20.36935855,
Bahrain,BHR,Tax revenue (% of GDP),GC.TAX.TOTL.GD.ZS,,,,,,,,,,,,,,,,,,,,,3.445298333,3.757956899,4.136270791,5.404443179,5.713312904,5.891777729,6.430251808,5.315979717,4.877523166,5.17656777,5.187374245,5.041193755,5.39072996,5.349562727,5.173401874,4.796762972,5.042932705,5.097809027,5.664272504,5.013055032,3.732777721,4.103642909,3.578992892,3.306813188,4.216840666,,,,,,,,,,,,,,,,,
"Bahamas, The",BHS,Tax revenue (% of GDP),GC.TAX.TOTL.GD.ZS,,,,,,,,,,,,,,,,,,,,,,,,,,,,,,,13.86291851,13.63799997,15.43261499,15.39456662,16.71678429,17.34616506,17.04904406,10.39523969,9.972501983,10.32367804,10.67868759,9.859542693,8.999094713,9.288519057,9.428334156,10.00170798,11.24833165,11.35886589,12.12136614,11.25206873,10.76231493,13.01102086,12.03925717,11.6741861,11.24961292,12.67540569,14.18934398,14.89743308,14.39089669,16.66589352,19.1583171,
Bosnia and Herzegovina,BIH,Tax revenue (% of GDP),GC.TAX.TOTL.GD.ZS,,,,,,,,,,,,,,,,,,,,,,,,,,,,,,,,,,,,,,,,,,,,,,19.88609273,21.68995521,21.39427004,20.3021135,18.94628598,19.6856764,20.30566528,20.47753994,19.75154464,19.77790177,19.93421599,19.9514912,20.25933732,20.44074784,20.10135329,19.00930541,
Belarus,BLR,Tax revenue (% of GDP),GC.TAX.TOTL.GD.ZS,,,,,,,,,,,,,,,,,,,,,,,,,,,,,,,,,20.54347826,26.63959391,24.75018266,19.88764693,18.79977481,20.73459095,17.11232894,16.67247619,16.6247345,15.75466424,14.20103832,17.68812191,18.3713469,20.14965628,22.22309662,23.72669873,25.35338921,18.62947063,16.32143837,14.50907256,14.66297503,13.35496285,12.69772453,14.17309447,13.78823561,13.01900561,14.67256897,13.30150614,12.0229072,
Belize,BLZ,Tax revenue (% of GDP),GC.TAX.TOTL.GD.ZS,,,,,,,,,,,,,,,,,,,,,,,,,,,,,,,21.45617769,20.71097425,19.92326052,19.50981185,19.90221232,18.74440402,19.53043668,19.64716768,19.69418406,17.40151093,17.82759422,18.70781341,19.30514626,19.16747641,19.66697755,21.35698263,21.89777247,23.05581065,21.95637618,22.75948468,23.75286526,22.87673562,22.98836249,23.76536343,25.33452172,24.91840215,25.72925034,26.21932685,,,,
Bermuda,BMU,Tax revenue (% of GDP),GC.TAX.TOTL.GD.ZS,,,,,,,,,,,,,,,,,,,,,,,,,,,,,,,,,,,,,,,,,,,,,,,,,,,,,,,,,,,,,,
Bolivia,BOL,Tax revenue (% of GDP),GC.TAX.TOTL.GD.ZS,,,,,,,,,,,,,,,,,,,,,,,,,,8.258114092,8.019954529,7.949052567,7.280551476,7.094743205,7.236224593,7.932729575,8.899788616,9.516345401,10.04546843,9.722329494,12.29385252,12.62034602,13.54652915,12.03978519,12.33080288,11.78254605,13.18410498,12.97300032,15.0163488,16.2151641,16.81616816,16.96486574,,,,,,,,,,,,,,
Brazil,BRA,Tax revenue (% of GDP),GC.TAX.TOTL.GD.ZS,,,,,,,,,,,,,,,,,,,,,,,,,,,,,,,,,,,,,,,,,,,,,,,,,,,14.24957596,14.85129878,14.33241109,14.12530574,13.49007452,13.62962937,13.71043098,13.60522852,13.94010799,13.73769484,12.96121957,
Barbados,BRB,Tax revenue (% of GDP),GC.TAX.TOTL.GD.ZS,,,,,,,,,,,,,,,,,,,,,,,,,,,,,,,,,,,,,,,,,,,,25.24341798,25.77442299,26.73474277,25.2849606,25.95971322,25.42918513,24.71378935,24.71332164,25.95188348,24.47067425,23.06994729,23.51704544,25.33972487,27.47846016,,,,,
Brunei Darussalam,BRN,Tax revenue (% of GDP),GC.TAX.TOTL.GD.ZS,,,,,,,,,,,,,,,,,,,,,,,,,,,,,,,,,,,,,,,,,,,,,,,,,,,,,,,,,,,,,,
Bhutan,BTN,Tax revenue (% of GDP),GC.TAX.TOTL.GD.ZS,,,,,,,,,,,,,,,,,,,,,,,5.720364294,6.6349007,7.603581245,6.728793601,7.111992927,,6.224939945,5.411393815,4.600056366,5.152906744,5.271109952,6.488472592,6.194935632,6.898255038,7.852497029,6.793272607,8.311448699,7.362506471,10.36464934,8.802985636,9.536853742,9.644347227,7.909603281,8.576268256,9.265712756,7.69828607,8.625153926,9.465618506,13.46153264,13.8352247,15.05424172,14.72269791,13.6986507,13.26203862,12.9794732,12.54156214,16.68545493,15.64120809,13.03890853,
Botswana,BWA,Tax revenue (% of GDP),GC.TAX.TOTL.GD.ZS,,,,,,,,,,,,,,,,,,,,,,,,,,,,,,,27.50161294,25.55719349,27.84554007,23.68479922,19.91674392,16.76579585,14.93710789,,,,,,,,,,26.93255733,25.71281584,27.37420135,27.28605335,23.60443184,23.66745451,27.11535961,25.60989227,26.77334829,26.21806001,21.63005677,23.95840599,21.89172255,21.13637566,22.3198117,
Central African Republic,CAF,Tax revenue (% of GDP),GC.TAX.TOTL.GD.ZS,,,,,,,,,,,,,,,,,,,,,,,,,,,,,,,,,,,,,,,,,,,,,6.211979957,,,,8.28435089,7.908503384,8.407892197,7.540403624,8.172377281,,4.098500696,5.448991385,6.807588937,7.081244249,8.63983072,8.318458045,8.709644827,
Canada,CAN,Tax revenue (% of GDP),GC.TAX.TOTL.GD.ZS,,,,,,,,,,,,,,,,,,,,,,,,,,,,,,,14.16312048,14.4495626,14.35716091,13.69687137,13.11451323,13.3295053,13.92401371,14.56772835,14.66839759,14.69992073,14.85774318,14.18147981,13.37762747,13.22893471,13.34474787,13.29949289,13.34822067,13.33443201,12.3901656,12.30438595,11.7328093,11.80392128,11.66442736,11.6235046,11.80837908,12.38981091,12.49656263,12.61201668,13.05768467,12.7658792,13.29503291,
Central Europe and the Baltics,CEB,Tax revenue (% of GDP),GC.TAX.TOTL.GD.ZS,,,,,,,,,,,,,,,,,,,,,,,,,,,,,,,,,,,20.8857854,20.27839196,19.5335883,19.48118875,19.34778527,18.58390034,18.059698,17.29332948,17.43585534,17.71265418,17.30960099,17.5106573,17.79345407,18.23819946,18.16998952,16.73474069,16.9221523,17.20198806,17.21284672,17.21320683,17.24817503,17.64742734,17.62952254,17.65435853,17.67014709,17.73189997,17.71419177,
Switzerland,CHE,Tax revenue (% of GDP),GC.TAX.TOTL.GD.ZS,,,,,,,,,,,,,,,,,,,,,7.286070916,7.301388931,7.594250226,7.628990701,7.786221273,7.665643206,8.302274836,7.959949974,8.331595604,7.818290933,7.947039281,7.754319273,7.912704426,7.333484555,7.849145806,7.908810764,8.329050426,8.31453246,9.249054088,8.899560996,10.00993485,8.950523693,8.930459165,8.953141478,8.984394511,9.077115149,9.149140501,9.014252833,9.536097764,9.281755959,9.292882509,9.242550463,9.093700566,9.171629587,8.990095853,9.446872617,9.300428033,9.929127814,9.559657519,9.766390064,9.216140526,
Channel Islands,CHI,Tax revenue (% of GDP),GC.TAX.TOTL.GD.ZS,,,,,,,,,,,,,,,,,,,,,,,,,,,,,,,,,,,,,,,,,,,,,,,,,,,,,,,,,,,,,,
Chile,CHL,Tax revenue (% of GDP),GC.TAX.TOTL.GD.ZS,,,,,,,,,,,,,16.22327115,17.4205001,16.33795193,20.6011544,18.39775425,18.75577342,18.68081482,17.9453589,19.04662355,20.12058615,19.75349856,18.84345471,20.0281873,18.13121158,17.97950397,16.80831626,14.37403174,13.94036449,13.30738435,15.22796307,15.74288974,16.31458996,15.62474421,15.10075395,16.06054266,15.78110096,15.77128964,15.09495708,16.07240363,15.91312577,16.07306762,15.76882727,16.42394505,18.12088991,19.61201733,20.37902854,18.70926556,14.60586057,17.47100627,18.936096,18.99105955,17.4587729,17.04450121,17.54608293,17.46896441,17.50579468,18.3955245,17.85361899,16.24493246,
China,CHN,Tax revenue (% of GDP),GC.TAX.TOTL.GD.ZS,,,,,,,,,,,,,,,,,,,,,,,,,,,,,,,,,,,,,,,,,,,,,,8.569243858,9.057253983,9.771406065,10.10142653,10.30944174,10.21204861,10.31279489,10.25676868,9.907732583,9.678618827,9.376920447,9.122915561,9.419317653,9.052685732,8.49286377,8.090626234,
Cote d'Ivoire,CIV,Tax revenue (% of GDP),GC.TAX.TOTL.GD.ZS,,,,,,,,,,,,,,,,,,,,,,,,,,,,,,,18.01090743,,,,,18.81907459,,,,,,9.536225945,10.05484621,9.656894506,10.01288858,9.872439118,10.32991608,10.66575675,10.74426681,10.50126584,10.21376211,7.571481261,10.61935158,10.63592924,10.11725755,11.17582233,11.56634554,11.96698333,11.76875524,12.03285483,,
Cameroon,CMR,Tax revenue (% of GDP),GC.TAX.TOTL.GD.ZS,,,,,,,,,,,,,,,,,,,,,,,,,,,,,,,9.76735862,8.905155245,9.753700886,6.550075788,5.898419523,7.183668971,,,9.694599136,9.707018079,,,,,,,,,,,,,11.3444056,11.52211698,12.28534381,12.11096959,11.65203139,11.87594119,12.34694571,,,
"Congo, Dem. Rep.",COD,Tax revenue (% of GDP),GC.TAX.TOTL.GD.ZS,,,,,,,,,,,,,9.375919042,9.43446478,10.50315947,8.032897554,6.109294845,6.223399336,5.48574084,7.219107393,8.115150604,7.405317757,6.982668716,7.04959166,8.315511677,10.10003836,8.707175337,8.745043787,9.320710132,10.7040628,,,,,,,,,,,,,,,,,,,,,,,,,,,,,,,,
"Congo, Rep.",COG,Tax revenue (% of GDP),GC.TAX.TOTL.GD.ZS,,,,,,,,,,,,,,,,,,,,,,,,,,,,,,,,,,,,,,,,,,9.070936874,8.142904651,8.647504676,7.813594406,5.688120435,5.29500882,6.027573817,5.896624548,8.22388189,6.902938646,8.11448977,7.278246336,8.624360765,9.584351436,12.75364185,13.81279939,11.36928323,7.750240556,7.784560505,8.94572884,
Colombia,COL,Tax revenue (% of GDP),GC.TAX.TOTL.GD.ZS,,,,,,,,,,,,,,,,,,,,,,,,,,,,,,,,,,,,,,,13.74373215,13.47692128,11.21975419,,,11.25882686,,,,,13.03151101,12.67522738,12.1421652,14.57588119,13.22699071,14.02211435,15.69974837,15.79726266,14.38521293,14.85081841,14.67432951,15.08498964,14.22768544,
Comoros,COM,Tax revenue (% of GDP),GC.TAX.TOTL.GD.ZS,,,,,,,,,,,,,,,,,,,,,,,,,,,,,,,,,,,,,,,,,,,,,,,,,,,,,,,,,,,,,,
Cabo Verde,CPV,Tax revenue (% of GDP),GC.TAX.TOTL.GD.ZS,,,,,,,,,,,,,,,,,,,,,,,,,,,,,,,,,,,,,,,,,,,,,,21.07697136,22.74444386,20.90676315,21.28379768,18.42064171,18.44614056,19.7309446,17.88198499,17.83930625,17.05275837,18.7780858,18.60381766,20.08675268,,,,
Costa Rica,CRI,Tax revenue (% of GDP),GC.TAX.TOTL.GD.ZS,,,,,,,,,,,,,11.44136907,12.49704782,13.620164,12.43707088,12.1882799,12.3050282,12.65156228,11.8839706,11.61681397,12.38120078,12.65574835,15.21876982,14.71680728,13.27305302,13.25739833,14.43415782,14.70223261,13.70475078,13.05733465,10.58635151,11.97654825,12.03526931,11.58078693,12.24503796,12.64281524,12.61316492,12.82386493,13.13375816,12.83971283,13.3610338,13.3681089,13.58495161,13.3589275,13.63539699,13.84166374,14.85647016,15.23250991,13.18307199,12.95254206,13.20898687,13.10529607,13.41682475,13.04558896,13.25399422,13.51085434,13.24410255,13.18214869,13.37420761,12.32364472,
Caribbean small states,CSS,Tax revenue (% of GDP),GC.TAX.TOTL.GD.ZS,,,,,,,,,,,,,,,,,,,,,,,,,,,,,,,,,,,,,,,,,,19.17667787,18.45410652,19.8753009,20.31316726,22.22151744,24.24213587,22.68832632,24.26694032,22.97139588,22.42907516,22.44658859,22.64459831,22.03680575,22.64907909,23.0833119,22.19881772,20.18076451,20.61359228,,,
Cuba,CUB,Tax revenue (% of GDP),GC.TAX.TOTL.GD.ZS,,,,,,,,,,,,,,,,,,,,,,,,,,,,,,,,,,,,,,,,,,,,,,,,,,,,,,,,,,,,,,
Curacao,CUW,Tax revenue (% of GDP),GC.TAX.TOTL.GD.ZS,,,,,,,,,,,,,,,,,,,,,,,,,,,,,,,,,,,,,,,,,,,,,,,,,,,,,,,,,,,,,,
Cayman Islands,CYM,Tax revenue (% of GDP),GC.TAX.TOTL.GD.ZS,,,,,,,,,,,,,,,,,,,,,,,,,,,,,,,,,,,,,,,,,,,,,,,,,,,,,,,,,,,,,,
Cyprus,CYP,Tax revenue (% of GDP),GC.TAX.TOTL.GD.ZS,,,,,,,,,,,,,,,,13.38910416,12.12039578,13.23091413,13.5794674,14.19974579,14.78758357,13.79337865,14.24138954,15.40599949,16.13204632,16.55646917,16.70123085,16.33131155,17.38664219,18.35703743,30.80590284,29.01243177,30.86814909,33.24434306,35.54473205,31.4981384,30.48481956,29.24651426,31.29495261,32.20188317,35.53316817,36.3857611,36.61750072,37.61499171,37.29678066,39.58566373,41.53925794,48.56342169,46.04608322,23.24918544,23.1149202,23.21412079,23.40029928,23.58048225,24.79036195,24.1283264,23.62100316,23.92954954,24.13938852,23.4715943,22.77600122,
Czechia,CZE,Tax revenue (% of GDP),GC.TAX.TOTL.GD.ZS,,,,,,,,,,,,,,,,,,,,,,,,,,,,,,,,,,18.74821125,16.65212059,16.23817739,15.29606315,15.08464636,14.36727033,14.87006338,14.47498606,14.74146668,14.56483172,14.98580461,15.40646666,14.48468636,14.22222952,14.61169007,13.67309281,13.57022193,13.65075748,14.52026341,14.92876345,15.08116108,14.42965406,14.76956046,14.91277755,15.00552855,14.83640854,14.77170284,14.3760338,
Germany,DEU,Tax revenue (% of GDP),GC.TAX.TOTL.GD.ZS,,,,,,,,,,,,,10.78410345,10.91939481,10.47522557,10.0448778,10.1703343,10.49086579,10.49325979,10.379879,10.2825669,10.05673696,9.794426611,9.75040311,10.19085826,10.19698085,9.937883422,10.08463439,9.816473973,10.25072194,9.832283682,11.62971371,11.75387472,11.46045725,11.67784428,11.47613493,10.90185179,10.72936797,10.8349798,11.50853614,11.70500073,10.9616854,10.83530471,10.99852141,10.42629457,10.6568166,10.85162762,11.33404013,11.47230109,11.61493705,11.19029793,11.48138523,11.62298611,11.61150337,11.4825632,11.47872896,11.29612025,11.41912242,11.45068382,11.41082816,10.66701113,
Djibouti,DJI,Tax revenue (% of GDP),GC.TAX.TOTL.GD.ZS,,,,,,,,,,,,,,,,,,,,,,,,,,,,,,,,,,,,,,,,,,,,,,,,,,,,,,,,,,,,,,
Dominica,DMA,Tax revenue (% of GDP),GC.TAX.TOTL.GD.ZS,,,,,,,,,,,,,,,,,,,,,,,,,,,,,,,,,,,,,,,,,,,,,,,,,,,,,,,,,,,,,,
Denmark,DNK,Tax revenue (% of GDP),GC.TAX.TOTL.GD.ZS,,,,,,,,,,,,,29.0073425,28.92177263,29.10840133,26.71837402,26.48581,27.07072012,28.13558182,28.60343479,28.5258746,28.04775221,27.09919336,27.80652075,29.0103743,30.5028086,32.74336013,32.22169217,32.44583801,31.39666031,29.72460684,29.12939079,29.48600415,30.84808287,31.56028067,31.66083202,31.87982065,31.7470264,32.04662624,31.92657078,31.59411903,30.16719583,30.11718967,30.14077788,31.29221449,33.07176767,31.86029116,35.09300117,33.42154071,33.18383922,32.73723667,32.75348927,33.44639821,33.81975266,36.50029166,33.92161906,33.29505948,33.39987958,32.2352444,34.58375849,33.98502393,
Dominican Republic,DOM,Tax revenue (% of GDP),GC.TAX.TOTL.GD.ZS,,,,,,,,,,,,,13.8522693,13.43824633,14.42048057,16.08135141,13.26331773,12.53733296,11.35096316,11.03149778,10.30718945,9.712615556,7.978324503,8.457150294,9.022770398,9.69124559,11.28189554,11.2446214,11.70088735,12.3845918,10.29678928,7.590817698,10.87033538,11.15446274,10.53415802,10.57462484,10.34434253,11.40878793,11.43166966,11.52929548,12.16441366,13.38050699,13.21672761,11.74514298,12.52188432,13.69816112,13.99475989,14.88626837,14.16105352,12.63590935,12.20740113,12.29762551,13.02648297,13.50353563,13.38644704,12.81184796,12.91086855,13.03075106,13.02493499,13.3027786,12.3898799,
Algeria,DZA,Tax revenue (% of GDP),GC.TAX.TOTL.GD.ZS,,,,,,,,,,,,,,,,,,,,,,,,,,,,,,,,,,,,,,,,,,,,,,,,,,,,,,,,,,,,,,
East Asia & Pacific (excluding high income),EAP,Tax revenue (% of GDP),GC.TAX.TOTL.GD.ZS,,,,,,,,,,,,,,,,,,,,,,,,,,,,,,,,,,,,,,,,,,,,,,9.060684202,9.559824585,10.17436112,10.68769055,10.63805821,10.52765582,10.74799564,10.69420622,10.44202843,10.18700574,9.908170449,9.629680184,9.826994489,9.52618933,9.042916724,8.558683879,
Early-demographic dividend,EAR,Tax revenue (% of GDP),GC.TAX.TOTL.GD.ZS,,,,,,,,,,,,,,,,,,,,,,,,,,,,,,12.03253985,11.71049267,11.70049537,11.87797376,10.94955794,11.41368755,11.90694396,12.17068771,12.93663086,11.69564392,11.59976218,,,,,,,,,13.17198238,12.3297303,12.02630719,12.04755872,12.14590889,12.34217092,12.0902963,12.56923871,12.69471665,12.51860546,13.1039868,,,
East Asia & Pacific,EAS,Tax revenue (% of GDP),GC.TAX.TOTL.GD.ZS,,,,,,,,,,,,,,,,,,,,,,,,,,,,,,,,,,,,,,,,,,,,,,11.2625013,11.70054786,12.24526258,12.56722063,12.22056121,11.94558666,12.1489257,12.21143964,12.03757641,11.7983938,11.55367522,11.43994209,11.64052956,11.57811346,11.1967906,10.69399786,
Europe & Central Asia (excluding high income),ECA,Tax revenue (% of GDP),GC.TAX.TOTL.GD.ZS,,,,,,,,,,,,,,,,,,,,,,,,,,,,,,,,,,,,,,,,,,,,,,,,,16.87418376,15.10455223,15.28540758,15.82101416,15.32392477,15.16114042,15.13754273,13.78429147,13.02694275,13.41259685,14.05200414,13.51964445,13.55185382,
Europe & Central Asia,ECS,Tax revenue (% of GDP),GC.TAX.TOTL.GD.ZS,,,,,,,,,,,,,,15.93034978,16.35486587,16.16282201,16.77207048,16.86520146,16.72634178,16.61535868,16.87159673,16.95515672,17.33559976,17.24178545,17.2233147,17.51925465,17.82114846,17.7211438,17.71014733,17.71393276,18.09963041,18.80182124,18.68947557,18.36585589,18.67870912,19.28660843,19.41141928,19.83187422,20.10448631,19.85979739,20.17178652,19.8416073,19.3537229,19.15227732,19.12690999,19.76698846,20.05239485,20.20808166,19.99670492,18.98229362,19.27772867,19.49922033,19.5630058,19.66421842,19.62693354,19.33169173,19.23919511,19.1334293,19.28648824,19.22389989,18.91457647,
Ecuador,ECU,Tax revenue (% of GDP),GC.TAX.TOTL.GD.ZS,,,,,,,,,,,,,,,,,,,,,,,,,,,,,,,,,,,,,,,,,,,,,,,,,,,,,,,,,,,,13.3992281,12.53553398,
"Egypt, Arab Rep.",EGY,Tax revenue (% of GDP),GC.TAX.TOTL.GD.ZS,,,,,,,,,,,,,,,,20.52161459,17.33138442,25.5179722,23.07109664,21.28519787,,26.24429969,21.6957606,21.08270677,18.44620253,17.25469169,16.31972789,14.57087379,14.34902597,13.83896104,13.2348643,14.73777778,18.48023005,18.76417526,19.04742857,17.62303922,17.46294682,15.96464836,,,,,13.4077593,13.34994012,13.83597775,14.0686351,15.82951271,15.34985231,15.32052485,15.66136058,14.13007625,14.0086354,12.38490476,13.49806493,12.22014085,12.5192111,,,,,,
Euro area,EMU,Tax revenue (% of GDP),GC.TAX.TOTL.GD.ZS,,,,,,,,,,,,,13.94737358,14.17826138,14.26117215,13.84229493,14.53087878,14.68178703,14.83410204,14.92186593,15.33789173,15.35093445,15.53662303,15.94213371,16.04375418,16.16356685,16.68484742,16.82207994,16.9559192,17.13498369,17.06603029,17.92853951,18.02585198,17.89693524,17.81514681,18.54944542,18.71225157,19.13595596,19.46876416,19.9348175,19.74619988,19.34466669,18.94592796,18.73483746,18.46040424,18.63318485,19.02293477,19.13236729,18.99829987,18.4804938,18.66698567,18.8013977,19.2851859,19.59742191,19.59039614,19.46787775,19.41609845,19.01126624,19.15743274,19.21383582,18.95103007,
Eritrea,ERI,Tax revenue (% of GDP),GC.TAX.TOTL.GD.ZS,,,,,,,,,,,,,,,,,,,,,,,,,,,,,,,,,,,,,,,,,,,,,,,,,,,,,,,,,,,,,,
Spain,ESP,Tax revenue (% of GDP),GC.TAX.TOTL.GD.ZS,,,,,,,,,,,,,8.95880346,9.320855204,8.580821453,8.762149051,9.021789494,8.900408394,9.499495523,9.670158389,9.670197788,9.968082834,9.227645645,10.63844193,10.58962958,12.5851835,14.43001041,15.56555382,15.39696129,16.7279527,15.71080742,15.77697252,16.02146236,14.8820061,15.10676921,,,,,,,,,,,,,,,,,,,,,,,13.72231073,14.23284596,13.76120542,13.52727577,
Estonia,EST,Tax revenue (% of GDP),GC.TAX.TOTL.GD.ZS,,,,,,,,,,,,,,,,,,,,,,,,,,,,,,,,,,,,22.83901737,21.84909116,21.96718917,22.1073474,20.92459032,19.68616147,19.22107825,19.63431502,19.8292032,20.23265963,19.10031234,19.95927461,20.22298918,19.30206792,21.52102314,19.82395754,19.24387321,19.95207595,20.1672231,20.74737186,21.64006429,21.77469007,20.94180933,21.05216597,21.31778515,21.17693847,
Ethiopia,ETH,Tax revenue (% of GDP),GC.TAX.TOTL.GD.ZS,,,,,,,,,,,,,,,,,,,,,,,,,,,,,,,8.639189666,7.450608324,5.600781003,5.91191031,7.678250936,8.429521526,8.952488388,10.52276441,11.26214538,10.88481898,,8.083871673,9.709831679,9.116895507,9.680762203,8.724416385,8.262845855,7.812529666,7.814144254,6.581181381,8.16344108,9.209358617,9.377594715,8.764725377,8.811955393,8.351338267,8.087065533,7.603929229,7.519920423,6.661741322,6.19629947,
European Union,EUU,Tax revenue (% of GDP),GC.TAX.TOTL.GD.ZS,,,,,,,,,,,,,,14.72078261,14.77994919,14.30031855,15.06141418,15.24389599,15.34047851,15.36826211,15.73030921,15.58359037,15.709479,16.11887295,16.28103735,16.54083448,17.03510305,17.25258084,17.38638139,17.51476185,17.70658435,18.45823868,18.40679132,18.22261917,18.27162845,19.35400787,19.46386662,19.8142121,20.17668459,20.52461726,20.30859835,19.78382826,19.41136793,19.26133555,19.0329645,19.29189004,19.62465436,19.84664367,19.64740114,19.06951223,19.24991199,19.3546599,19.77082137,20.04176422,20.10084584,19.98698281,19.96315072,19.57045637,19.66273731,19.74575866,19.48350181,
Fragile and conflict affected situations,FCS,Tax revenue (% of GDP),GC.TAX.TOTL.GD.ZS,,,,,,,,,,,,,,,,,,,,,,,,,,,,,,,,,,,,,,,,,,,,,,,,,,,,,,,,,,,,,,
Finland,FIN,Tax revenue (% of GDP),GC.TAX.TOTL.GD.ZS,,,,,,,,,,,,,21.76551984,22.00372005,21.34828054,22.1594667,24.70206966,24.22050442,22.41867877,21.18776513,21.45811495,22.52755929,22.16231439,22.33759106,22.73840362,23.47787372,23.97441857,22.66597819,24.18922194,24.64828124,24.41858152,24.43939981,24.884005,22.41930067,23.10862708,20.7023917,21.91060216,22.61589972,22.70946428,22.38724826,24.24033655,21.88995215,22.46743801,22.05813547,21.8124441,21.79285554,21.42026756,21.06515139,20.49108177,18.88284263,18.60127669,20.01787897,20.13559693,20.64349724,20.63152197,20.47070511,20.81344992,20.73388982,20.82383881,20.66899588,19.84957667,
Fiji,FJI,Tax revenue (% of GDP),GC.TAX.TOTL.GD.ZS,,,,,,,,,,,,,,,,,,,,,,,,,,,,,,,22.75707071,21.87169442,21.59256686,21.40218038,21.4900303,22.20614241,21.20782003,,,,,,,,22.3492148,21.5360119,23.38627925,,,,21.82256442,22.91709332,22.89257614,23.47566275,22.64375609,23.61570563,23.53462354,24.66994207,23.99335342,22.67678013,18.84866075,
France,FRA,Tax revenue (% of GDP),GC.TAX.TOTL.GD.ZS,,,,,,,,,,,,,18.67533827,17.84425111,18.8734544,17.72182016,18.83999014,18.24079445,18.25723641,18.83168971,19.29191915,19.36757322,19.60021256,19.44421465,19.56741343,19.65146058,19.65976909,19.87064584,19.21244995,18.90600144,18.73424732,18.91822615,18.46669257,18.38407657,19.08411698,19.46320734,20.38584454,21.10085498,23.02691923,23.63199403,23.39182394,23.37446366,22.56722859,22.11691419,22.1629571,22.29553685,22.57780885,22.12201755,22.00523996,20.70142768,21.95265949,21.81649646,22.53074008,23.21091787,23.16141532,23.19771546,23.0648275,23.62933465,24.17084372,24.51466278,24.77584395,
Faroe Islands,FRO,Tax revenue (% of GDP),GC.TAX.TOTL.GD.ZS,,,,,,,,,,,,,,,,,,,,,,,,,,,,,,,,,,,,,,,,,,,,,,,,,,,,,,,,,,,,,,
"Micronesia, Fed. Sts.",FSM,Tax revenue (% of GDP),GC.TAX.TOTL.GD.ZS,,,,,,,,,,,,,,,,,,,,,,,,,,,,,,,,,,,,,,,,,,,,,,,,,4.288016383,4.396016049,4.661135884,4.964073105,4.891801556,5.466541557,12.54406661,5.418243679,6.003491488,10.40788067,25.19627385,19.02157089,6.433948516,
Gabon,GAB,Tax revenue (% of GDP),GC.TAX.TOTL.GD.ZS,,,,,,,,,,,,,,,,,,,,,,,,,,,,,,,,,,,,,,,,,,,,,,,,,,,,,14.06052433,16.05883561,15.10522888,12.83006855,11.46806371,11.0849703,10.21533638,11.47952824,,
United Kingdom,GBR,Tax revenue (% of GDP),GC.TAX.TOTL.GD.ZS,,,,,,,,,,,,,23.01848532,21.07158307,23.74607351,24.26560756,23.80069525,23.32577445,22.15422207,21.90377871,23.87606593,24.6394262,25.86613933,24.6485305,24.7776311,25.13357342,24.50068363,23.15879508,22.99074992,22.76227158,24.1512946,24.84713704,24.28031599,22.98109177,23.79709499,23.19391769,23.03468757,23.70014224,24.97821335,25.46493661,26.09959035,25.60867863,24.91733427,24.49875791,25.11719503,25.44618106,25.65188302,25.82278563,26.34010778,24.0190223,25.19782036,25.69312295,24.93930653,24.91195686,24.69786724,24.7909273,25.09934852,25.37690563,25.25952225,24.92893353,24.25798033,
Georgia,GEO,Tax revenue (% of GDP),GC.TAX.TOTL.GD.ZS,,,,,,,,,,,,,,,,,,,,,,,,,,,,,,,,,,,,5.41484296,7.876437896,10.6237239,10.01573047,11.19127842,11.40143304,11.80467486,11.62151288,10.9223386,15.10234826,16.54260858,18.57011291,20.95528958,24.22450445,23.5093962,21.42739304,23.21311527,23.65640368,22.48304661,22.47686673,22.75143657,23.50346021,23.34010441,22.43079503,23.11733297,21.40531485,
Ghana,GHA,Tax revenue (% of GDP),GC.TAX.TOTL.GD.ZS,,,,,,,,,,,,,,,,,,,,,,,,,,,,,,,11.43679869,13.15959562,10.76865718,13.14924718,,,,,,,,17.19292789,17.49311121,18.47768613,21.75210552,21.32150832,12.80707166,13.87798455,13.89596791,12.61246152,13.3883874,14.86579036,15.36818101,10.6718365,11.25218582,11.69056327,11.05832931,11.57703116,12.24424167,11.99699576,11.34043196,
Gibraltar,GIB,Tax revenue (% of GDP),GC.TAX.TOTL.GD.ZS,,,,,,,,,,,,,,,,,,,,,,,,,,,,,,,,,,,,,,,,,,,,,,,,,,,,,,,,,,,,,,
Guinea,GIN,Tax revenue (% of GDP),GC.TAX.TOTL.GD.ZS,,,,,,,,,,,,,,,,,,,,,,,,,,,,,,11.41003544,12.1055382,10.74553241,10.84178387,,,,,,,,,,,,,,,,,,,,,,,,,,,,,
"Gambia, The",GMB,Tax revenue (% of GDP),GC.TAX.TOTL.GD.ZS,,,,,,,,,,,,,,,,,,,,,,,,,,,,,,,18.20477998,,,,,,,,,,,,,,,,,,,,,,,,,,,,,,,
Guinea-Bissau,GNB,Tax revenue (% of GDP),GC.TAX.TOTL.GD.ZS,,,,,,,,,,,,,,,,,,,,,,,,,,,,,,,,,,,,,,,,,,,,,,,,,,,,,,,,,,10.3228332,,9.462074358,,
Equatorial Guinea,GNQ,Tax revenue (% of GDP),GC.TAX.TOTL.GD.ZS,,,,,,,,,,,,,,,,,,,,,,,,,,,,,,,,,,,,,,,,,,,,,,,9.668882886,7.546688154,7.786359889,12.76309665,7.586159224,7.015790112,8.742219053,8.516349943,8.298900808,11.45673493,6.384406989,5.981846872,6.168908879,9.301943363,7.848400529,
Greece,GRC,Tax revenue (% of GDP),GC.TAX.TOTL.GD.ZS,,,,,,,,,,,,,12.90267934,12.48364099,12.63640958,12.70294046,14.09975237,13.96490905,14.2863225,13.89605477,13.77116861,12.32282943,14.93487112,15.59784975,13.97016215,13.81211855,15.59258369,16.3554572,15.09763675,13.00029739,15.12129057,,,,,18.58084129,18.63608852,19.52190171,20.52808216,21.43304629,22.47052184,20.93777279,21.26687723,19.70767677,19.13473006,20.32650575,19.97920074,20.24284251,20.21361261,19.7756802,20.38603357,22.47769443,24.26841791,24.12327296,24.86966867,24.88137603,26.66965802,26.4585125,26.94510259,26.1942128,24.75587282,
Grenada,GRD,Tax revenue (% of GDP),GC.TAX.TOTL.GD.ZS,,,,,,,,,,,,,,,,,,,,,,,,,,,,,,,,,,,,,,,,,,,,,,,,,,,,,,,,,,,,,,
Greenland,GRL,Tax revenue (% of GDP),GC.TAX.TOTL.GD.ZS,,,,,,,,,,,,,,,,,,,,,,,,,,,,,,,,,,,,,,,,,,,,,,,,,,,,,,,,,,,,,,
Guatemala,GTM,Tax revenue (% of GDP),GC.TAX.TOTL.GD.ZS,,,,,,,,,,,,,,,,,,,,,,,,,,,,,,,6.86521167,7.325686438,8.313948701,7.81982717,6.765227236,7.714731243,8.529663739,8.697669273,9.371933975,10.24715093,10.06497645,11.03867221,12.07359616,11.85839594,11.74284983,11.38438352,12.05105635,12.25524129,11.45903031,10.50468557,10.60502184,11.01784354,11.00955226,11.10229389,10.77781592,10.35825157,10.42151488,9.156947614,10.57818026,10.45602392,9.969756196,
Guam,GUM,Tax revenue (% of GDP),GC.TAX.TOTL.GD.ZS,,,,,,,,,,,,,,,,,,,,,,,,,,,,,,,,,,,,,,,,,,,,,,,,,,,,,,,,,,,,,,
Guyana,GUY,Tax revenue (% of GDP),GC.TAX.TOTL.GD.ZS,,,,,,,,,,,,,,,,,,,,,,,,,,,,,,,,,,,,,,,,,,,,,,,,,,,,,,,,,,,,,,
High income,HIC,Tax revenue (% of GDP),GC.TAX.TOTL.GD.ZS,,,,,,,,,,,,,14.17492012,13.83336091,14.2857215,13.94240499,14.02923453,14.4508822,14.36417663,14.53812361,14.8000881,15.07689467,14.93476388,14.21164898,14.13067344,14.37498949,14.37751146,14.72084582,14.56112473,14.52794307,14.53941228,14.57457906,14.18673755,14.1435253,14.70541485,15.31258493,15.5842316,15.82177261,16.23568253,16.41607083,16.99466914,16.33883499,15.2035847,14.93735827,14.96506956,15.64385367,16.08486884,16.17387992,15.65370281,14.07768284,14.23229642,14.61582643,14.81817827,15.19480382,15.3589733,15.47206948,15.40068453,15.79867285,15.24054695,15.26438417,15.0422311,
"Hong Kong SAR, China",HKG,Tax revenue (% of GDP),GC.TAX.TOTL.GD.ZS,,,,,,,,,,,,,,,,,,,,,,,,,,,,,,,,,,,,,,,,,,,,,,,,,,,,,,,,,,,,,,
Honduras,HND,Tax revenue (% of GDP),GC.TAX.TOTL.GD.ZS,,,,,,,,,,,,,10.67247887,10.82739785,11.12131464,11.08540925,11.6617215,13.09374103,7.900577115,8.137050097,8.813908611,8.643894327,,,,,,,,,,,,,,,,,,,,,,13.74646578,14.49585933,14.53495396,15.23835608,16.38500055,16.13051598,14.16197019,14.4250984,14.78797879,14.74747232,15.06324191,16.54263824,17.34447206,,,,,14.76539723,
Heavily indebted poor countries (HIPC),HPC,Tax revenue (% of GDP),GC.TAX.TOTL.GD.ZS,,,,,,,,,,,,,,,,,,,,,,,,,,,,,,,,,,,,,,,,,,,,,,,,,,,,,11.35918647,11.04680618,11.47961953,11.60417646,11.43752501,,,,,
Croatia,HRV,Tax revenue (% of GDP),GC.TAX.TOTL.GD.ZS,,,,,,,,,,,,,,,,,,,,,,,,,,,,,,,,,,,,22.55187371,22.24132052,21.51106957,23.47387949,22.63127002,22.14237185,21.24111396,21.65656898,21.12442702,20.35135124,20.38598224,20.72126279,20.59562839,20.39693453,19.51568085,19.57899831,18.98463961,19.52065459,20.03226426,19.7062425,20.58075214,21.06404185,21.21943715,21.52844209,21.7013813,20.69976124,
Haiti,HTI,Tax revenue (% of GDP),GC.TAX.TOTL.GD.ZS,,,,,,,,,,,,,,,,,,,,,,,,,,,,,,,,,,,,,,,,,,,,,,,,,,,,,,,,,,,,,,
Hungary,HUN,Tax revenue (% of GDP),GC.TAX.TOTL.GD.ZS,,,,,,,,,,,,,,,,,,,,,,,,,,,,,,,,25.54953021,24.07442467,25.01049013,24.1947854,23.16720532,22.91607843,20.93471548,20.76523789,21.80216516,22.37846265,21.39965711,20.8930507,20.65751041,20.35871758,19.89495517,19.80360129,21.37590168,23.25204715,23.28627544,22.57809694,21.03295848,22.86015077,22.8598521,23.01105704,23.22841828,23.06274308,22.87745304,22.53156518,22.43161197,22.93567765,
IBRD only,IBD,Tax revenue (% of GDP),GC.TAX.TOTL.GD.ZS,,,,,,,,,,,,,,,,,,,,,,,,,,,,,,,,,,,,,,,,,,,,,,11.15275235,11.7270048,12.24262514,12.44087331,11.82758621,12.17531476,12.46207342,12.34435111,12.18529173,11.84473665,11.68549981,11.4850637,11.60646756,11.61619093,11.21980177,10.93571291,
IDA & IBRD total,IBT,Tax revenue (% of GDP),GC.TAX.TOTL.GD.ZS,,,,,,,,,,,,,,,,,,,,,,,,,,,,,,,,,,,,,,,,,,,,,,11.11748018,11.66952799,12.17481459,12.38405984,11.76250183,12.13083382,12.42024385,12.31044119,12.14782074,11.83724667,11.68391478,11.47789302,11.59957608,11.61257727,11.23432249,10.95094311,
IDA total,IDA,Tax revenue (% of GDP),GC.TAX.TOTL.GD.ZS,,,,,,,,,,,,,,,,,,,,,,,,,,,,,,,,,,,,,,,,,,,,,,,,,,,,,,,,,,,,,,
IDA blend,IDB,Tax revenue (% of GDP),GC.TAX.TOTL.GD.ZS,,,,,,,,,,,,,,,,,,,,,,,,,,,,,,,,,,,,,,,,,,,,,,,,,,,,,,,,,,,,,,
Indonesia,IDN,Tax revenue (% of GDP),GC.TAX.TOTL.GD.ZS,,,,,,,,,,,,,12.44522349,13.81526342,15.9693687,16.55526992,17.89004765,17.72159889,17.89325596,20.28389965,21.77983836,21.94643419,20.05614379,18.82286533,17.48438914,18.75089737,14.62076982,15.0836946,15.08393805,15.95720183,19.13708376,17.18969691,17.1229527,14.35642033,15.94841919,14.96477227,14.23480194,16.01184841,15.02758818,16.31583561,,11.57818458,11.82695959,12.38553206,12.3307679,,,,13.31061783,11.05778652,10.53748506,11.15812785,11.38058994,11.28530146,10.83552375,10.75348778,10.3363487,9.87729308,10.23014302,9.751961808,8.312977387,
IDA only,IDX,Tax revenue (% of GDP),GC.TAX.TOTL.GD.ZS,,,,,,,,,,,,,,,,,,,,,,,,,,,,,,,,,,,,,,,,,,,,,,,,,,,,,10.42432698,10.32512303,10.64781449,10.70984766,10.42469054,10.73325007,10.73518273,,,
Isle of Man,IMN,Tax revenue (% of GDP),GC.TAX.TOTL.GD.ZS,,,,,,,,,,,,,,,,,,,,,,,,,,,,,,,,,,,,,,,,,,,,,,,,,,,,,,,,,,,,,,
India,IND,Tax revenue (% of GDP),GC.TAX.TOTL.GD.ZS,,,,,,,,,,,,,,,8.181120885,9.024502908,9.181837991,8.597094206,9.30227453,9.689048923,9.026071739,9.213690315,9.269121352,9.268497406,9.306539864,10.07541854,10.42730886,10.40830997,10.35673801,10.46834451,9.993591396,10.17092242,9.805228442,8.53523362,8.981772016,9.226824691,9.231468691,9.008577732,8.113143511,8.638300028,8.810143496,8.079454445,8.676273931,9.108084322,9.570817081,10.08093153,11.12933705,12.10834699,10.97717215,9.809725406,10.38803979,10.1773872,10.83677172,11.00162569,9.984654191,10.56970905,11.14773842,11.38744398,12.01742775,,,
Not classified,INX,Tax revenue (% of GDP),GC.TAX.TOTL.GD.ZS,,,,,,,,,,,,,,,,,,,,,,,,,,,,,,,,,,,,,,,,,,,,,,,,,,,,,,,,,,,,,,
Ireland,IRL,Tax revenue (% of GDP),GC.TAX.TOTL.GD.ZS,,,,,,,,,,,,,21.85998942,22.16929601,21.99726478,21.29561857,23.66494353,22.53302959,22.10937176,21.96423999,24.22688222,25.31422791,26.38442331,27.53525706,28.11945002,27.20557818,27.3535413,27.44805009,28.75125914,25.82915368,25.35991919,25.62922632,25.93238599,25.84053316,27.05650385,26.52658918,27.21103703,26.87358515,26.49432841,26.65105997,26.34994041,24.20823815,23.51684578,24.16073918,25.06972308,25.45714024,26.81881277,25.93716835,23.81094122,22.06237631,21.84368272,21.86034939,22.4820629,22.91409611,23.13846236,18.78277038,19.05498254,18.2991702,18.13029717,17.73174533,16.50888955,
"Iran, Islamic Rep.",IRN,Tax revenue (% of GDP),GC.TAX.TOTL.GD.ZS,,,,,,,,,,,,,8.265513269,7.547810911,5.417790964,8.194078453,7.562058504,8.216323008,8.870858569,5.993374742,5.170284876,6.9790356,5.922931727,6.03398097,6.437096596,7.329809638,6.784250891,6.005338425,5.434552423,5.369750444,5.572236546,6.161890812,6.881180646,3.860245992,4.371236116,6.220798678,7.94631514,10.1579621,8.644376054,8.327823337,5.861282096,5.746903558,4.994377712,5.20132535,5.195323352,6.657593715,6.21768141,5.93768769,6.197809288,7.358478041,,,,,,,,,,,,
Iraq,IRQ,Tax revenue (% of GDP),GC.TAX.TOTL.GD.ZS,,,,,,,,,,,,,,,,,,,,,,,,,,,,,,,,,,,,,,,,,,,,,,,,,,,,,,,0.914773293,1.321196149,2.077805236,2.687030207,1.984007163,1.344593618,,
Iceland,ISL,Tax revenue (% of GDP),GC.TAX.TOTL.GD.ZS,,,,,,,,,,,,,22.8181417,22.8736844,23.77127281,22.88233219,21.77024549,20.74879635,21.14889515,21.89795822,21.21163947,22.55161853,22.95069194,20.5732603,20.94470805,20.1044476,20.30388989,20.69383402,22.30586447,23.44165487,23.50750725,22.8569209,23.1609552,22.50635057,22.25478828,22.51334735,23.44783663,21.99692087,23.95537868,25.86039431,25.10557259,22.76406737,22.59271182,23.67708233,24.76632097,27.24299312,26.89713758,25.95849178,22.79777458,19.93353865,20.22643799,20.58217743,21.50330708,21.6567855,24.49195998,22.68944412,37.61284979,23.9232132,22.9729258,21.77637832,22.31071772,
Israel,ISR,Tax revenue (% of GDP),GC.TAX.TOTL.GD.ZS,,,,,,,,,,,,,,,,,,,,,,,,,,,,,,,,,,,,26.97736717,26.29216994,26.61339837,25.68124234,25.55617782,27.09900796,26.65986327,25.70824036,24.94671731,24.82322661,25.31930068,26.05615714,25.99010191,23.69182314,21.80314461,22.43382214,22.68545337,22.03700943,22.8316679,23.1036362,23.32189313,23.27934548,24.44349937,22.87935899,22.36139276,22.23390134,
Italy,ITA,Tax revenue (% of GDP),GC.TAX.TOTL.GD.ZS,,,,,,,,,,,,,,12.55060647,13.4981707,12.71382362,14.07338445,14.90944063,15.62198192,15.77984982,17.3682515,17.78433945,19.38829234,21.12833654,20.95583444,20.39610872,22.17639059,21.49233865,23.24040592,23.94767349,24.17772966,24.80852328,25.49780524,26.27493784,25.09400327,24.36303129,24.29062351,25.7756322,24.64437781,24.99307535,23.80974052,23.40575007,22.89138772,22.76357266,22.21584927,21.95930961,23.32782117,23.76334792,23.48996403,23.74294495,23.68062299,23.64758929,24.94682979,25.13890393,24.84107219,24.73952717,25.07030955,24.68367944,24.2381807,24.57690599,24.84542935,
Jamaica,JAM,Tax revenue (% of GDP),GC.TAX.TOTL.GD.ZS,,,,,,,,,,,,,,,,,,,,,,,,,,,,,23.47813362,24.4940968,23.48648503,23.08286448,23.4680682,21.3287135,21.10316755,21.74404001,20.10919957,19.91409421,20.85185729,21.89223451,22.49466254,21.41481302,21.85901019,24.07110007,24.16749731,23.21597284,24.01438994,24.78654643,24.68475662,24.9559702,24.27817173,23.3643683,24.33289303,24.0092922,24.05321483,24.81530926,26.02666947,26.22100376,26.78106657,27.45394175,25.7094657,
Jordan,JOR,Tax revenue (% of GDP),GC.TAX.TOTL.GD.ZS,,,,,,,,,,,,,,,,,,,,,,,,,,,,,,,18.00727897,17.94996619,22.97071033,20.91683427,19.98619373,20.70909766,21.68699456,19.05481092,18.12333296,18.11061609,18.99893687,18.68029646,17.4817064,18.21787761,20.99608415,24.41581176,24.5549491,24.68963512,17.15221065,16.53035158,15.49909081,14.60823722,14.92128052,14.930515,15.43164403,14.95102562,15.02063044,14.77294725,14.87937064,14.81403832,15.98209819,
Japan,JPN,Tax revenue (% of GDP),GC.TAX.TOTL.GD.ZS,,,,,,,,,,,,,,,,,,,,,,,,,,,,,,,,13.13318922,11.62717415,11.59076179,,,,,,,,,,,,,,,,,,,,,,,,,,,,
Kazakhstan,KAZ,Tax revenue (% of GDP),GC.TAX.TOTL.GD.ZS,,,,,,,,,,,,,,,,,,,,,,,,,,,,,,,,,,,,,,6.787220587,7.294793896,7.745369934,10.22139507,9.642300653,12.13435978,13.08323765,13.90867797,,,,,,15.71238046,18.25783421,13.31209815,16.03017776,14.19343274,9.835711552,9.924250197,10.30301138,11.71779959,11.78694274,8.318809314,
Kenya,KEN,Tax revenue (% of GDP),GC.TAX.TOTL.GD.ZS,,,,,,,,,,,,,,,,,,,,,,,,,,,,,,,,,,,,,,,,,,,,,,,,,,,,,,,15.18702127,14.83948265,14.96647273,15.05246413,14.36127892,15.10010935,14.29853624,
Kyrgyz Republic,KGZ,Tax revenue (% of GDP),GC.TAX.TOTL.GD.ZS,,,,,,,,,,,,,,,,,,,,,,,,,,,,,,,,,,,,,,,,,,,,,,,,,,,,,,,17.54865309,16.80166806,16.94917318,17.04628506,17.99885701,16.86406795,,
Cambodia,KHM,Tax revenue (% of GDP),GC.TAX.TOTL.GD.ZS,,,,,,,,,,,,,,,,,,,,,,,,,,,,,,,,,,,,,,,,,,,8.172911274,7.537844416,8.117265035,7.893242769,8.178822069,9.696979265,10.55519636,9.64778105,10.00304014,10.15469287,11.08248635,12.07885296,14.62663089,14.5828781,14.82589055,15.78871893,17.05208455,19.73205523,17.88511337,
Kiribati,KIR,Tax revenue (% of GDP),GC.TAX.TOTL.GD.ZS,,,,,,,,,,,,,,,,,,,,,,,,,,,,,,,,,,,,,,,,,,,,,,,,,,,,17.73042597,18.37548109,18.09460651,17.92559406,22.1947178,24.89578949,21.8608283,21.31702522,27.1928968,26.28298395,
St. Kitts and Nevis,KNA,Tax revenue (% of GDP),GC.TAX.TOTL.GD.ZS,,,,,,,,,,,,,,,,,,,,,,,,,,,,,,,14.3862939,14.58536258,14.52345626,15.19785435,15.24600655,,,,,,16.52834435,15.73033708,21.02503834,21.50396882,21.25475841,20.66181333,20.85004224,21.63213001,20.0366358,18.8689624,16.31177496,18.07517572,17.88612236,17.82327629,18.43539481,19.61085512,18.31547684,17.3525831,,,13.55511925,
"Korea, Rep.",KOR,Tax revenue (% of GDP),GC.TAX.TOTL.GD.ZS,,,,,,,,,,,,,11.15354875,10.47527726,11.57495256,13.21180621,14.46161075,14.13362998,14.55405593,14.74586681,14.66327335,14.65276687,14.6962815,14.80168214,13.89466773,13.49942187,13.23871835,13.45628269,13.37445811,12.83580757,13.41918126,12.53582238,12.73074085,12.4997898,12.68774158,12.99209499,13.23436506,12.90180217,12.62021875,12.79189031,14.26177808,13.54878842,13.24866679,13.69345757,12.96682783,13.31307044,13.72753521,14.8173827,14.49519999,13.65096445,13.43693029,13.85096763,14.0775915,13.63062344,13.24116166,13.15814434,13.98195298,14.49381853,15.53638373,15.19956653,14.91948184,
Kuwait,KWT,Tax revenue (% of GDP),GC.TAX.TOTL.GD.ZS,,,,,,,,,,,,,37.43169399,37.2171311,32.67768247,,,4.615802221,7.597964496,2.178426333,2.699909503,3.73615037,3.444779017,3.23829933,3.128614104,1.938002524,2.095021769,1.267380316,1.229820571,1.175992911,1.545070847,0.255607395,0.08581481,1.092624066,1.422764285,1.146181245,0.965097411,1.173058751,1.492442927,,,,,,,,,,,,,,,,,,,,,,,
Latin America & Caribbean (excluding high income),LAC,Tax revenue (% of GDP),GC.TAX.TOTL.GD.ZS,,,,,,,,,,,,,,,,,,,,,,,,,,,,,,,,,,,,,,,,,,,,,,,,,,,12.79859253,13.23084817,12.91180827,12.9660107,12.92858462,13.45577316,13.5086206,13.19403557,13.28520938,13.32280566,13.16064834,
Lao PDR,LAO,Tax revenue (% of GDP),GC.TAX.TOTL.GD.ZS,,,,,,,,,,,,,,,,,,,,,,,,,,,,,,,,,,,,,,,,,,,,,,,,,,,,,,,,,,,,,,
Lebanon,LBN,Tax revenue (% of GDP),GC.TAX.TOTL.GD.ZS,,,,,,,,,,,,,,,,,,,,,,,,,,,,,,,,,,,,,,11.93272577,12.6332288,13.3726881,11.90122982,11.8780772,14.43059019,15.37671346,16.50864395,15.16810377,15.00828554,14.94411917,16.418394,16.85630601,16.84447668,16.37733291,15.19802662,14.06611445,14.10956588,13.46505128,13.52535689,15.35988176,15.32540546,15.40539053,10.87878784,
Liberia,LBR,Tax revenue (% of GDP),GC.TAX.TOTL.GD.ZS,,,,,,,,,,,,,,,,,,,,,,,,,,,,,,,,,,,,,,,,,,,,,,7.642757948,7.236438606,10.20053503,9.841559386,,11.2051496,11.14878716,12.97157471,12.46142652,,,,,,,,
Libya,LBY,Tax revenue (% of GDP),GC.TAX.TOTL.GD.ZS,,,,,,,,,,,,,,,,,,,,,,,,,,,,,,,,,,,,,,,,,,,,,,,,,,,,,,,,,,,,,,
St. Lucia,LCA,Tax revenue (% of GDP),GC.TAX.TOTL.GD.ZS,,,,,,,,,,,,,,,,,,,,,,,,,,,,,,,,,,,,,,,,,17.05133145,16.48985075,16.66444444,16.16695424,17.21206531,17.63953053,17.63268523,18.26911895,18.68490273,19.13386957,18.16079874,17.95016575,17.08022642,18.11457128,18.05296311,18.7102516,19.1759343,18.24092744,,,,
Latin America & Caribbean,LCN,Tax revenue (% of GDP),GC.TAX.TOTL.GD.ZS,,,,,,,,,,,,,,,,,,,,,,,,,,,,,,,,,,,,,,,,,,,,,,,,,,,13.17444964,13.65591524,13.35867252,13.32759491,13.24445137,13.75636903,13.82557989,13.46688288,13.601607,13.60682926,13.38303391,
Least developed countries: UN classification,LDC,Tax revenue (% of GDP),GC.TAX.TOTL.GD.ZS,,,,,,,,,,,,,,,,,,,,,,,,,,,,,,,,,,,,,,,,,,,,,,,,,,,11.06143228,11.34017494,11.11478015,11.04969948,11.00510701,10.44193287,10.05796666,10.18814726,10.22296391,,,
Low income,LIC,Tax revenue (% of GDP),GC.TAX.TOTL.GD.ZS,,,,,,,,,,,,,,,,,,,,,,,,,,,,,,,,,,,,,,,,,,,,,,,,,,,,,,,,,,,,,,
Liechtenstein,LIE,Tax revenue (% of GDP),GC.TAX.TOTL.GD.ZS,,,,,,,,,,,,,,,,,,,,,,,,,,,,,,,,,,,,,,,,,,,,,,,,,,,,,,,,,,,,,,
Sri Lanka,LKA,Tax revenue (% of GDP),GC.TAX.TOTL.GD.ZS,,,,,,,,,,,,,,,,,,,,,,,,,,,,,,,19.02083385,18.30479797,17.95345687,17.4699989,17.16797563,17.75201716,16.95069051,16.00769203,14.47642698,15.01207545,14.50276551,14.62550039,14.02036178,12.71067585,13.46596896,13.73252902,14.57725918,14.22160859,13.27733443,12.80032048,11.30003056,11.25639334,10.40841476,10.48662317,10.13750624,12.37995191,12.20138961,12.53125198,11.9818702,11.5683593,8.095506193,
Lower middle income,LMC,Tax revenue (% of GDP),GC.TAX.TOTL.GD.ZS,,,,,,,,,,,,,,,,,,,,,,,,,,,,,,,12.30965943,12.12404709,12.3491315,10.99180833,11.49897327,11.56906531,,12.02066797,10.82790882,11.44940473,,9.920077997,10.19335684,10.50821924,10.79237134,,,,12.36511967,11.1764288,11.56885111,11.72559087,11.91372147,11.85935284,11.33448219,11.63111068,11.63866008,11.70197963,12.17860621,,,
Low & middle income,LMY,Tax revenue (% of GDP),GC.TAX.TOTL.GD.ZS,,,,,,,,,,,,,,,,,,,,,,,,,,,,,,,,,,,,,,,,,,,,,,10.74877846,11.27976986,11.79124319,12.08677296,11.54898379,11.90142647,12.1753736,12.07379159,11.92966277,11.61403623,11.43923064,11.22166146,11.35903971,11.36467464,10.95538646,10.66870856,
Lesotho,LSO,Tax revenue (% of GDP),GC.TAX.TOTL.GD.ZS,,,,,,,,,,,,,,,,,,,,,,,28.98835475,34.95877761,38.69351651,35.58108988,31.6971536,31.91319159,30.64371313,34.1989954,,27.75657635,28.30152625,29.67252716,29.87079575,28.75049718,26.96189969,29.21247489,25.08054334,24.72221533,22.93955586,25.78220615,24.19416305,27.11488202,28.961325,28.57390073,33.91975434,39.31628652,38.26034845,39.98760249,30.29906235,30.2136066,38.08375643,35.90752358,36.32843245,33.769182,29.29189613,33.01527102,32.34799086,31.73831624,18.31329147,
Late-demographic dividend,LTE,Tax revenue (% of GDP),GC.TAX.TOTL.GD.ZS,,,,,,,,,,,,,,,,,,,,,,,,,,,,,,,,,,,,,,,,,,,,,,11.0711307,11.50296721,12.06235792,12.22129559,11.74335786,12.04644364,12.19118655,11.98259417,11.70131397,11.51447209,11.01510694,10.70803585,10.94021427,10.88455559,10.47055538,9.964643403,
Lithuania,LTU,Tax revenue (% of GDP),GC.TAX.TOTL.GD.ZS,,,,,,,,,,,,,,,,,,,,,,,,,,,,,,,,,,,,19.82454689,18.90896741,21.64609145,22.18670955,22.21381715,20.30037328,19.40462921,19.20183971,19.06385443,19.36200927,19.75462922,20.48420318,20.36935435,20.48203392,17.0401288,15.96497347,15.48237695,15.52996015,15.60121464,15.83633785,16.69486269,16.93159775,16.65064705,16.78406254,20.00650022,19.98986895,
Luxembourg,LUX,Tax revenue (% of GDP),GC.TAX.TOTL.GD.ZS,,,,,,,,,,,,,16.66488402,17.19561755,17.65910341,20.66517166,20.33388906,22.81675496,23.67386782,21.88217876,22.33608677,22.7961717,22.9337644,25.45228423,24.89418137,24.86552497,24.16078827,24.36027848,23.56106866,22.59758011,22.87627833,21.60805633,22.18582235,23.75436634,25.02831298,24.47322707,24.69738708,25.24415233,25.60117694,25.10032846,25.4725969,24.98489419,24.78170287,24.63009613,24.04257319,25.33555545,23.9298412,24.38034549,23.55571077,23.83910852,23.81784044,23.98704785,24.42782715,24.55226696,24.74515711,23.32185937,23.76750967,24.51814705,26.5276554,26.38710162,25.24090316,
Latvia,LVA,Tax revenue (% of GDP),GC.TAX.TOTL.GD.ZS,,,,,,,,,,,,,,,,,,,,,,,,,,,,,,,,,,,,19.3430707,18.65633903,22.250659,23.66394022,22.66838319,20.71506328,20.66066227,19.96268823,20.20459232,20.33059788,21.43938097,22.12301992,21.60938874,20.68250003,18.67103586,19.65781233,20.59910874,21.07577017,21.74880717,22.04827185,22.38843612,23.50389781,23.4795128,22.82673718,21.2874557,22.3872408,
"Macao SAR, China",MAC,Tax revenue (% of GDP),GC.TAX.TOTL.GD.ZS,,,,,,,,,,,,,,,,,,,,,,,,,,,,,,,,,,,,,13.10324623,15.9467573,14.22167115,14.19246602,14.92285291,16.39758352,17.23481133,20.04767379,21.26856755,20.98034184,21.13448838,25.46243595,30.23591364,29.3068412,34.38843575,37.42427393,36.80275324,36.38810023,35.0873753,29.15024934,27.77528589,29.00420731,29.38664912,29.71209685,21.62033075,
St. Martin (French part),MAF,Tax revenue (% of GDP),GC.TAX.TOTL.GD.ZS,,,,,,,,,,,,,,,,,,,,,,,,,,,,,,,,,,,,,,,,,,,,,,,,,,,,,,,,,,,,,,
Morocco,MAR,Tax revenue (% of GDP),GC.TAX.TOTL.GD.ZS,,,,,,,,,,,,,,,,,,,,,,,,,,,,,,,18.67672148,18.41541938,20.65142956,20.24770334,18.85493515,18.35120904,,19.40548746,19.16524702,19.87323876,,,19.07256603,18.78977248,18.97885165,20.97294126,21.45102144,23.90540285,26.49262558,23.45630398,22.81923338,23.29675614,23.90364037,22.34908936,22.02695111,21.21149899,21.45588701,21.75534723,21.87418331,21.41784887,21.17905357,
Monaco,MCO,Tax revenue (% of GDP),GC.TAX.TOTL.GD.ZS,,,,,,,,,,,,,,,,,,,,,,,,,,,,,,,,,,,,,,,,,,,,,,,,,,,,,,,,,,,,,,
Moldova,MDA,Tax revenue (% of GDP),GC.TAX.TOTL.GD.ZS,,,,,,,,,,,,,,,,,,,,,,,,,,,,,,,,,,,,,12.08967623,18.2831061,18.08024084,15.05735397,14.72574961,12.17120031,12.88135437,14.67287013,16.35739261,18.48533942,19.57121151,20.56653565,20.44594895,17.68531332,15.16064072,15.24032722,15.59534635,15.469636,16.63749482,16.40123677,16.2457923,17.44261224,17.69162952,17.31036032,17.41308467,
Madagascar,MDG,Tax revenue (% of GDP),GC.TAX.TOTL.GD.ZS,,,,,,,,,,,,,,,,,,,,,,,,,,,,,,,7.391907954,5.626451039,6.991043731,6.770597926,6.499532855,6.845865817,,,,,,,,8.597800286,9.372419868,8.690155518,9.201881621,9.848061325,11.39145084,8.344148961,8.535319118,8.710323638,8.368255543,8.785591773,8.441133382,8.945310374,9.244851874,10.02754473,10.39311762,10.46711834,9.39536254,
Maldives,MDV,Tax revenue (% of GDP),GC.TAX.TOTL.GD.ZS,,,,,,,,,,,,,,,,,,,,,5.115408609,6.891452233,12.21995927,12.63183714,9.261658031,9.99113868,10.28976937,12.2840691,13.57065658,15.0869616,13.96231926,14.6140953,14.95898236,13.73453732,13.00458215,13.59638849,13.45217883,14.44550444,14.20024047,14.09157047,13.79611004,9.826307389,9.507925449,9.420701834,10.48943585,11.56937388,11.75644071,12.14744951,11.57888281,9.100667992,,,,,,,,,,,,
Middle East & North Africa,MEA,Tax revenue (% of GDP),GC.TAX.TOTL.GD.ZS,,,,,,,,,,,,,,,,,,,,,,,,,,,,,,,,,,,,,,,,,,,,,,,,,,,,,,,,,,,,,,
Mexico,MEX,Tax revenue (% of GDP),GC.TAX.TOTL.GD.ZS,,,,,,,,,,,,,7.610619469,7.091172214,8,9.181818182,9.044493071,9.951325041,10.7402653,11.34289439,11.4238505,10.54584204,11.21787245,12.99939446,12.6232738,12.31257863,11.86499888,12.74757437,11.41196198,12.13921122,11.84836466,11.59449261,11.60243534,9.070611435,8.491921675,8.479624617,8.742981656,8.987730676,8.155611883,8.608136185,9.572861438,,,,,,,,10.02376741,9.679796263,10.11091331,10.01240267,9.773015605,10.29457862,10.62560505,12.78239352,13.53436035,13.03567268,13.06463778,13.13735204,14.33149078,
Marshall Islands,MHL,Tax revenue (% of GDP),GC.TAX.TOTL.GD.ZS,,,,,,,,,,,,,,,,,,,,,,,,,,,,,,,,,,,,,,,,,,,,,,,,,18.65809101,18.57771671,17.7984659,17.0491351,16.41017855,16.62675097,16.19254673,17.34691751,17.38324726,17.66282215,17.78969975,18.09115953,16.96866267,
Middle income,MIC,Tax revenue (% of GDP),GC.TAX.TOTL.GD.ZS,,,,,,,,,,,,,,,,,,,,,,,,,,,,,,,,,,,,,,,,,,,,,,10.74939748,11.29083643,11.80774605,12.10384725,11.57825593,11.92507695,12.1999716,12.08825265,11.94009448,11.61807264,11.44553796,11.22638278,11.354602,11.36008179,10.94196337,10.66155271,
North Macedonia,MKD,Tax revenue (% of GDP),GC.TAX.TOTL.GD.ZS,,,,,,,,,,,,,,,,,,,,,,,,,,,,,,,,,,,,,,,,,,,,,,18.42509865,18.08266169,19.07483022,18.52394611,17.12957827,16.8656928,16.999651,16.41665042,15.668958,16.23528371,16.81823312,16.95115782,17.16111359,17.57493632,17.08328108,16.45523959,
Mali,MLI,Tax revenue (% of GDP),GC.TAX.TOTL.GD.ZS,,,,,,,,,,,,,,,,,,,,,,,,,,,,,,,,,,,,,,,,,10.78507803,10.58547675,11.1732839,12.76795381,13.68704434,13.30025843,13.31614483,13.05597059,11.83761397,12.97358284,12.89285053,12.54521403,12.99131346,13.0329666,12.64664005,14.09510939,15.39597072,15.8828451,11.66973731,14.50113837,14.16453986,
Malta,MLT,Tax revenue (% of GDP),GC.TAX.TOTL.GD.ZS,,,,,,,,,,,,,21.17118907,22.01439629,20.6659997,18.87472189,17.73263658,18.35483092,19.15855318,,19.69424242,19.23403601,18.51096646,17.86284418,16.84151879,17.67666555,17.18032161,16.55215345,17.59891218,17.8970137,42.43432684,43.05083437,44.17204003,45.26292291,42.31400954,47.25807678,42.41854376,46.62520195,42.70555884,47.66556162,48.58527157,51.42409391,53.72732471,54.06966984,55.02400573,58.81945233,60.02766616,62.50279445,25.8058759,26.01451082,25.31011897,25.80812783,25.69167325,25.73815487,25.99328633,24.33835756,25.22916354,25.01566759,25.03231531,24.68318748,23.80939216,
Myanmar,MMR,Tax revenue (% of GDP),GC.TAX.TOTL.GD.ZS,,,,,,,,,,,,,,9.828053582,9.477544626,8.686311972,9.488448752,10.85809445,10.3650395,10.74881179,10.03759709,10.44803614,10.2618991,9.524598037,8.897698859,8.435384251,7.607571127,6.847470248,4.727440465,5.288961327,6.808928381,6.187567123,5.760240038,5.588180978,4.825621286,4.203050553,4.490126433,5.171779696,4.151490225,3.173288254,3.193175703,2.625514269,2.45405169,2.556897774,3.537890617,4.464587036,,,,,,,4.753684013,5.871265781,6.179052939,6.330417344,7.705196107,6.581009404,2.978486749,6.439272829,,
Middle East & North Africa (excluding high income),MNA,Tax revenue (% of GDP),GC.TAX.TOTL.GD.ZS,,,,,,,,,,,,,,,,,,,,,,,,,,,,,,,,,,,,,,,,,,,,,,12.14156625,12.53341838,12.55779936,12.79903777,13.0544195,,,,,,,,,,,,
Montenegro,MNE,Tax revenue (% of GDP),GC.TAX.TOTL.GD.ZS,,,,,,,,,,,,,,,,,,,,,,,,,,,,,,,,,,,,,,,,,,,,,,,,,,,,,,,,,,,,,,
Mongolia,MNG,Tax revenue (% of GDP),GC.TAX.TOTL.GD.ZS,,,,,,,,,,,,,,,,,,,,,,,,,,,,,,,,,11.08136574,17.51732902,11.32416493,9.773956356,9.602347816,10.57243315,8.358672087,9.805817878,13.9101607,14.66205919,13.36924022,18.03874557,,,28.70997468,23.47917648,21.65181536,16.5402944,19.59311925,18.46699109,15.31214218,15.73120804,12.90163424,11.89413792,11.35099345,13.54690845,16.68852831,16.85052092,14.14578723,
Northern Mariana Islands,MNP,Tax revenue (% of GDP),GC.TAX.TOTL.GD.ZS,,,,,,,,,,,,,,,,,,,,,,,,,,,,,,,,,,,,,,,,,,,,,,,,,,,,,,,,,,,,,,
Mozambique,MOZ,Tax revenue (% of GDP),GC.TAX.TOTL.GD.ZS,,,,,,,,,,,,,,,,,,,,,,,,,,,,,,,,,,,,,,,,,,,,,,,,,,,14.743555,17.07722631,19.01307026,21.8246052,24.32001414,20.33008851,20.29887017,22.18829694,21.43811712,26.89564274,21.84373713,
Mauritania,MRT,Tax revenue (% of GDP),GC.TAX.TOTL.GD.ZS,,,,,,,,,,,,,,,,,,,,,,,,,,,,,,,,,,,,,,,,,,,,,,,,,,,,,,,,,,,,,,
Mauritius,MUS,Tax revenue (% of GDP),GC.TAX.TOTL.GD.ZS,,,,,,,,,,,,,,,,,20.12117347,19.71517824,17.72930649,16.5013089,18.41439577,17.64227642,16.66012793,19.09033926,19.51740947,18.01059093,17.77817259,17.81273223,19.26611582,20.09316584,19.64680527,20.29344156,19.15028933,18.1006276,18.28150661,16.11421661,14.81298708,15.9934846,15.99336207,16.74865649,16.95366402,15.14080129,15.0065488,16.09532762,16.24026706,17.25638711,16.02867142,15.10546176,16.96721946,18.07301307,18.01671337,18.00451841,18.62170749,18.36660875,18.46618647,8.993956959,18.12841351,18.54687111,19.12472601,19.94706375,21.61828423,
Malawi,MWI,Tax revenue (% of GDP),GC.TAX.TOTL.GD.ZS,,,,,,,,,,,,,,,,,,,,,,,,,,,,,,,,,,,,,,,,,,,,,,,,,,14.4658536,15.3729139,15.45184375,13.55707479,14.1290373,15.934136,15.24219537,15.48908132,12.18430194,12.17387825,12.00398961,11.71928379,
Malaysia,MYS,Tax revenue (% of GDP),GC.TAX.TOTL.GD.ZS,,,,,,,,,,,,,,,,,,,,,,,,,,,,,,,,,,,,,19.37792632,19.75336681,16.7301575,14.09370802,13.6669089,17.79488881,17.44695509,15.49565512,15.19909376,14.82639106,14.51619698,14.30372284,14.66295826,14.94050153,13.33219531,14.79435317,15.61314674,15.31023528,14.84079071,14.05686213,13.55072517,12.94596624,12.02266586,11.93303849,10.89916323,
North America,NAC,Tax revenue (% of GDP),GC.TAX.TOTL.GD.ZS,,,,,,,,,,,,,11.8199373,11.49521249,11.83762036,11.1858005,10.74883688,11.61864632,11.54235905,12.00380766,12.13835265,12.55050996,11.97862664,10.34826823,10.15971565,10.38424016,10.16304589,10.94884573,10.59594327,10.78244038,10.78099675,10.67288495,10.35751759,10.59452944,10.83618256,11.1814995,11.59163568,12.06209094,12.52949028,12.46829542,13.13190283,12.0561021,10.1676544,9.718398085,9.862528611,10.9052291,11.48445325,11.46446941,10.45667682,8.279253329,8.833836896,9.732310209,9.926176946,10.58083929,11.00790307,11.32811483,11.049241,11.82260868,10.1924905,10.26409729,10.22672434,
Namibia,NAM,Tax revenue (% of GDP),GC.TAX.TOTL.GD.ZS,,,,,,,,,,,,,,,,,,,,,,,,,,,,,,,23.01056488,26.95733053,25.10570472,26.13034546,24.08861489,25.01869455,23.98662948,26.66870601,25.69348773,27.91512801,27.42850904,26.30946285,26.06199667,23.19476922,24.27282174,25.72900988,29.07216661,30.5252906,29.70119352,29.07230526,25.54231598,29.55059042,32.93275144,32.98071934,34.6286881,33.42238687,30.09630597,31.69463293,29.18008823,30.35091043,31.22470975,
New Caledonia,NCL,Tax revenue (% of GDP),GC.TAX.TOTL.GD.ZS,,,,,,,,,,,,,,,,,,,,,,,,,,,,,,,,,,,,,,,,,,,,,,,,,,,,,,,,,,,,,,
Niger,NER,Tax revenue (% of GDP),GC.TAX.TOTL.GD.ZS,,,,,,,,,,,,,,,,,9.421033141,9.154545384,9.496598531,10.90978353,11.7645286,,,,,,,,,,,,,,,,,,,,,,,,,,,,,,,,,,,,,,,,,
Nigeria,NGA,Tax revenue (% of GDP),GC.TAX.TOTL.GD.ZS,,,,,,,,,,,,,,,,,,,,,,,,,,,,,,,,,,,,,,,,,,,,,,,,,,,,,,,,,,,,,,
Nicaragua,NIC,Tax revenue (% of GDP),GC.TAX.TOTL.GD.ZS,,,,,,,,,,,,,,,,,,,,,,,,,,,,,,,26.26583735,18.23936737,19.84950915,18.98088283,8.993665941,9.402734402,9.494441288,10.58909176,11.03648306,10.71894637,10.64687011,9.802508066,10.39549911,11.7208159,12.18817918,12.89980348,13.68429025,13.86220637,13.20170593,13.13768507,13.67834036,14.51971695,15.00913327,15.02042537,15.31626638,15.58958836,16.1664462,16.57379162,15.69941645,17.56340749,17.19942998,
Netherlands,NLD,Tax revenue (% of GDP),GC.TAX.TOTL.GD.ZS,,,,,,,,,,,,,,22.46062592,21.21627075,22.33671296,22.30434385,23.39492913,23.18971758,23.12002319,23.07480856,21.90411844,21.68592805,20.7860868,20.1577263,20.34225058,21.25864668,22.53524002,22.60908169,21.89338927,23.28621811,24.49111686,23.63651009,24.31606558,21.84675625,20.8701642,21.47957925,20.93776928,20.70809927,21.22066757,20.93795008,21.21415868,21.15808651,20.35373725,20.17000261,21.23481756,21.60001095,21.59520003,21.14391577,20.94433473,20.98619027,20.22944251,19.40774864,19.69209479,20.63642861,21.16062422,21.90511014,23.08554134,23.0563304,24.04548278,24.27299258,
Norway,NOR,Tax revenue (% of GDP),GC.TAX.TOTL.GD.ZS,,,,,,,,,,,,,22.95167975,20.68992057,20.46229859,20.3859202,21.53182507,22.08057275,21.81944171,22.23869891,25.11381524,26.25029793,25.31305262,24.5587192,24.53236615,25.65460294,25.62118392,23.62811577,22.15427566,20.47767892,21.30451018,21.57610491,20.73649632,20.73649755,21.74282775,23.00490688,23.93682586,23.89191652,23.96735495,24.269074,26.70467324,26.07929651,27.18833639,25.92911222,27.3951498,28.30365223,28.90944752,28.19971126,27.92462094,25.96689041,26.88692442,27.72208661,27.04506296,25.16576453,23.56828516,22.22355077,22.08716304,22.47754585,23.46239343,23.50157879,21.0850402,
Nepal,NPL,Tax revenue (% of GDP),GC.TAX.TOTL.GD.ZS,,,,,,,,,,,,,,,,,,,,,,,,,,,,,,,6.996692968,6.620301936,6.483344072,6.654637356,7.729134048,8.985513859,8.719914187,8.723659866,8.639332547,8.422505233,8.735981111,8.802574747,8.560583141,8.651811853,8.9749585,9.179453421,8.77975841,9.772473404,10.44008641,11.84403686,13.39611544,11.62467555,12.04080455,13.29788586,13.99491049,14.68630457,16.14374976,17.99936212,19.08282606,19.80906024,15.77364973,
Nauru,NRU,Tax revenue (% of GDP),GC.TAX.TOTL.GD.ZS,,,,,,,,,,,,,,,,,,,,,,,,,,,,,,,,,,,,,,,,,,,,,,,,,,,,,,,18.97418982,16.65197388,24.69093589,22.55018486,30.46626789,36.00017305,48.23690515,
New Zealand,NZL,Tax revenue (% of GDP),GC.TAX.TOTL.GD.ZS,,,,,,,,,,,,,24.46646341,26.05151614,28.35806133,27.9768177,27.55657405,29.60429585,28.21206994,29.15539235,29.32408868,30.05319149,30.50816806,28.30571251,28.65860955,29.69387967,30.18307939,33.24645858,32.70028658,,,,,,,,,,,,,28.55763254,28.20805365,29.24813843,29.25793128,30.31290683,31.98588405,30.10987127,31.52540046,29.68551313,26.15230007,25.66723155,26.91006442,26.71609971,26.85372316,27.41783504,27.28581382,27.32352375,27.46834592,28.0922131,27.50136751,
OECD members,OED,Tax revenue (% of GDP),GC.TAX.TOTL.GD.ZS,,,,,,,,,,,,,13.82729917,13.53640038,13.98549333,13.7937035,13.89911845,14.36985362,14.30375129,14.46655726,14.70741057,15.00804249,14.89401701,14.23144773,14.07828909,14.32970289,14.34518057,14.71693384,14.4901622,14.46964727,14.39239206,14.45369013,14.08206822,13.98409607,14.53887018,15.10174313,15.40868589,15.86707278,16.13416827,16.30150379,16.72645656,16.32793697,15.18693937,14.87569612,14.93983704,15.61613816,16.05448389,16.13610516,15.47135282,13.98737172,14.35410273,14.86105814,15.0254825,15.42336155,15.6009049,15.77590043,15.72283107,16.09100878,15.45297934,15.47528339,15.2975659,
Oman,OMN,Tax revenue (% of GDP),GC.TAX.TOTL.GD.ZS,,,,,,,,,,,,,,,,,,,,,,,,,,,,,,,,,,,,,,,,,,,,,,,,,,,,,,,,,,,,,,
Other small states,OSS,Tax revenue (% of GDP),GC.TAX.TOTL.GD.ZS,,,,,,,,,,,,,,,,,,,,,,,,,,,,,,,,,,,,,,,,,,,,,,,,,,,,,,,,,,,,,,
Pakistan,PAK,Tax revenue (% of GDP),GC.TAX.TOTL.GD.ZS,,,,,,,,,,,,,,10.30196171,11.7068852,10.94771683,11.03295388,11.02185004,11.5417333,12.28381602,13.3500442,13.53434269,12.67865461,12.7883267,13.26839796,12.32958529,13.47302014,,13.17122429,13.70804617,,,,,,,,12.74247296,12.8290938,13.16532006,9.096871301,,,,,,,,,,,,,,,,,,,,,
Panama,PAN,Tax revenue (% of GDP),GC.TAX.TOTL.GD.ZS,,,,,,,,,,,,,,,,,,,,,,,,,,,,,,,,,,,,,,,,,,,,,,,,,,,,,,,10.26003358,10.10162222,10.37754247,9.995944949,9.94356974,,,
Peru,PER,Tax revenue (% of GDP),GC.TAX.TOTL.GD.ZS,,,,,,,,,,,,,12.65359002,10.81125344,11.00086063,11.55773155,11.22907434,11.6716743,12.4930216,13.80688285,17.96171377,15.11632987,14.79299342,11.89773092,13.04040973,14.96299404,13.38210985,9.974415853,9.663582676,7.921659024,10.72389521,11.02794427,11.98305238,12.16542206,12.97214417,13.68475757,14.19981417,14.39876053,14.23480496,12.9941893,12.6086475,12.89710563,12.48714263,13.41152116,13.66336894,14.10474219,15.6699876,16.40746835,16.51217092,14.45652681,15.46657176,15.96889515,16.5466871,16.43300669,16.72092668,14.91965132,13.78754764,13.17434165,14.28637004,14.52540406,13.2018859,
Philippines,PHL,Tax revenue (% of GDP),GC.TAX.TOTL.GD.ZS,,,,,,,,,,,,,,,,,,,,,,,,,,,,,,,12.35461036,12.80958835,13.53887306,13.68088118,14.03788872,14.26625524,14.82664166,14.86149493,13.67546376,12.89543709,12.44032477,12.26550865,11.66813069,11.66643259,11.36440439,11.92422406,13.12730144,12.9604093,13.03351369,11.69893557,11.63527559,11.84900078,12.30592712,12.74382206,13.01551718,13.01961059,13.08710069,13.59379375,14.04753328,14.48847302,13.95098571,
Palau,PLW,Tax revenue (% of GDP),GC.TAX.TOTL.GD.ZS,,,,,,,,,,,,,,,,,,,,,,,,,,,,,,,,,,,,,,,,,,,,,,,,,16.59462535,15.62436995,16.79729268,17.62485786,18.35541468,18.74175778,19.45629243,20.16481488,19.81694269,19.95006519,21.23731262,18.88530671,18.17151727,
Papua New Guinea,PNG,Tax revenue (% of GDP),GC.TAX.TOTL.GD.ZS,,,,,,,,,,,,,,,,,,,,,,,,,,,,,,,20.07346726,17.73352563,18.28415818,19.86439564,20.59600745,19.72715386,22.46318454,23.7232047,20.48029115,21.78816746,18.975965,24.6964497,21.01324696,,,,,,,,,,,,17.90996215,15.22728706,12.94862858,12.60500176,13.19302875,13.02172391,11.48488459,
Poland,POL,Tax revenue (% of GDP),GC.TAX.TOTL.GD.ZS,,,,,,,,,,,,,,,,,,,,,,,,,,,,,,,,,,,22.78268073,22.36915319,21.65585776,20.90485321,20.15275826,18.0642818,16.96083946,16.05595562,16.84075872,16.72132038,15.68968086,16.47380695,17.15510398,18.08653079,18.26736913,16.0518941,16.47765758,16.65566737,15.99342631,15.58901188,15.61752737,15.68686456,16.23053984,16.79445783,17.39568383,17.30089713,17.56056761,
Pre-demographic dividend,PRE,Tax revenue (% of GDP),GC.TAX.TOTL.GD.ZS,,,,,,,,,,,,,,,,,,,,,,,,,,,,,,,,,,,,,,,,,,,,,,,,,,,,,,,,,,,,,,
Puerto Rico,PRI,Tax revenue (% of GDP),GC.TAX.TOTL.GD.ZS,,,,,,,,,,,,,,,,,,,,,,,,,,,,,,,,,,,,,,,,,,,,,,,,,,,,,,,,,,,,,,
"Korea, Dem. People's Rep.",PRK,Tax revenue (% of GDP),GC.TAX.TOTL.GD.ZS,,,,,,,,,,,,,,,,,,,,,,,,,,,,,,,,,,,,,,,,,,,,,,,,,,,,,,,,,,,,,,
Portugal,PRT,Tax revenue (% of GDP),GC.TAX.TOTL.GD.ZS,,,,,,,,,,,,,,11.48633848,11.77968912,12.31415017,13.84378894,14.11276532,13.45697383,13.76768835,15.18085124,16.09136272,16.59471789,18.33797402,18.01063441,17.61591829,17.55125423,15.57442685,16.98673207,17.73912161,17.66850202,18.29113824,20.02626303,18.58661807,19.35373811,19.69493002,20.51675843,20.26430124,20.41265905,20.93425596,20.87840352,20.51404173,20.82750272,19.88117057,19.9795278,20.58192839,21.12516235,21.34729712,21.04682674,19.0577021,19.64280941,21.13333912,20.7701624,22.66209209,22.64739907,22.78871911,22.33199325,22.37058798,22.65334671,22.20119201,22.0888303,
Paraguay,PRY,Tax revenue (% of GDP),GC.TAX.TOTL.GD.ZS,,,,,,,,,,,,,,,,,,,,,,,,,,,,,,,,,,,,,,,,,,,,,,8.264764504,8.350504183,7.837877891,8.0940723,8.327582817,8.871213476,9.366835103,9.457778351,8.929362568,9.74517638,9.642274697,9.559063337,9.956474414,10.07505858,9.995756075,9.514999286,
West Bank and Gaza,PSE,Tax revenue (% of GDP),GC.TAX.TOTL.GD.ZS,,,,,,,,,,,,,,,,,,,,,,,,,,,,,,,,,,,,,,,,,,,,,,4.656946705,4.22383406,4.386501481,4.618942578,4.690530074,5.017446342,4.913580294,4.215212313,4.435940408,5.192409364,5.076133219,5.313889878,5.740722013,18.78184191,,,
Pacific island small states,PSS,Tax revenue (% of GDP),GC.TAX.TOTL.GD.ZS,,,,,,,,,,,,,,,,,,,,,,,,,,,,,,,,,,,,,,,,,,,,,,,,,,,,21.20025293,21.35685912,22.09077587,21.91010317,22.07983827,22.07616167,22.88432388,23.68587068,22.58737469,19.6033968,
Post-demographic dividend,PST,Tax revenue (% of GDP),GC.TAX.TOTL.GD.ZS,,,,,,,,,,,,,13.99610306,13.65797187,14.14311099,13.85006339,13.9240589,14.39636602,14.30039657,14.50808116,14.75529218,15.0716814,14.94097679,14.19751114,14.10429774,14.37369747,14.37263891,14.73718529,14.58144486,14.5654062,14.49968893,14.53323443,14.13436583,14.09839577,14.57403996,15.0836169,15.3833619,15.80072451,16.24359392,16.4017686,16.85157694,16.19750367,15.01837311,14.7457392,14.78025369,15.45748125,15.88494968,15.96735222,15.47771025,13.92533894,14.26739926,14.79948497,15.02105952,15.42109588,15.59507139,15.73435121,15.64734747,16.07078837,15.38727651,15.43212425,15.18672941,
French Polynesia,PYF,Tax revenue (% of GDP),GC.TAX.TOTL.GD.ZS,,,,,,,,,,,,,,,,,,,,,,,,,,,,,,,,,,,,,,,,,,,,,,,,,,,,,,,,,,,,,,
Qatar,QAT,Tax revenue (% of GDP),GC.TAX.TOTL.GD.ZS,,,,,,,,,,,,,,,,,,,,,,,,,,,,,,,,,,,,,,,,,,,,,,,,,,,,,,,,,,,,,,
Romania,ROU,Tax revenue (% of GDP),GC.TAX.TOTL.GD.ZS,,,,,,,,,,,,,,,,,,,,,,4.388327722,4.074786912,4.024977234,4.052199485,4.201834862,4.46458383,4.463377115,4.526254376,5.1175,23.05630027,22.52189301,22.41292377,19.66235439,17.78714284,17.40204452,16.10773027,17.03601162,17.73603872,17.05661897,17.96270948,16.63341608,16.48910006,17.77476375,17.42126616,17.46805693,17.94705723,17.53952573,16.78534499,15.27296201,16.60662101,18.0889295,18.01128119,17.66886447,17.91751549,18.93515078,16.85202366,15.47297649,14.49413357,14.60226756,14.28034496,
Russian Federation,RUS,Tax revenue (% of GDP),GC.TAX.TOTL.GD.ZS,,,,,,,,,,,,,,,,,,,,,,,,,,,,,,,,,,,,,,,,11.24287265,13.72553445,15.7786996,13.63496607,13.3140302,13.23402539,16.62290968,16.56821576,16.55131306,15.81806782,12.95635241,13.04834885,13.95420368,13.75467304,12.93349245,13.2553613,10.64209481,9.1831221,10.28840567,11.4687676,10.93839974,10.83361552,
Rwanda,RWA,Tax revenue (% of GDP),GC.TAX.TOTL.GD.ZS,,,,,,,,,,,,,,8.631147895,10.18131049,7.521318803,9.906255355,10.90185737,9.71992482,11.70219398,10.46763593,,,,,,,,,10.82692927,8.78380627,9.260063961,9.048258736,,,,,,,,,,,,,,,,,,,,,,12.95423906,13.30064311,14.42343809,13.45137171,14.24300757,14.59544757,15.05972925,
South Asia,SAS,Tax revenue (% of GDP),GC.TAX.TOTL.GD.ZS,,,,,,,,,,,,,,,8.558810469,9.23052288,9.380134623,8.856840729,9.542171522,9.967007521,9.482800953,9.672412839,9.63512684,9.647614646,9.728592418,10.31361119,10.75004828,10.41141539,10.65907821,10.81748571,10.28487438,10.42531366,10.06415762,8.840152804,9.264363055,9.53350945,9.50697791,9.618492512,8.813938692,9.310799848,9.029426071,8.187696452,8.694131883,9.051690143,9.49137778,9.95776969,10.85892379,11.68169886,10.74138621,9.731935312,10.23746406,10.10089385,10.66775486,10.81593859,9.899170122,10.48236212,10.91583538,11.13111168,11.74852427,,,
Saudi Arabia,SAU,Tax revenue (% of GDP),GC.TAX.TOTL.GD.ZS,,,,,,,,,,,,,,,,,,,,,,,,,,,,,,,,,,,,,,,,,,,,,,,,,,,2.529612744,2.331966765,2.538420097,2.733928686,2.77137882,3.334404555,3.389981507,3.384836428,8.597203861,7.302103831,8.599394774,
Sudan,SDN,Tax revenue (% of GDP),GC.TAX.TOTL.GD.ZS,,,,,,,,,,,,,,,,,,,,,,,,,,,,,,,,,,,,,,,6.197163282,6.386617224,,,,,,,,,,6.469484382,5.862474675,3.856210161,6.894406995,7.684016394,7.982317862,8.194438005,7.390270262,,,,,
Senegal,SEN,Tax revenue (% of GDP),GC.TAX.TOTL.GD.ZS,,,,,,,,,,,,,,,,,,,,,,,,,,,,,,,,,,,,,,,,,,,,,,,,,,,,,,,,15.77433605,16.37117645,15.90645166,16.37811216,,,
Singapore,SGP,Tax revenue (% of GDP),GC.TAX.TOTL.GD.ZS,,,,,,,,,,,,,14.55018489,14.78510139,15.06460714,16.57112472,15.99637416,16.72455544,15.93464722,16.03977068,16.99291833,17.88020559,18.91634198,18.76083872,17.66338209,15.66216706,12.73576946,13.07807989,14.07201262,15.68787362,14.54626959,15.1815316,16.1033535,16.29033395,16.61315228,15.76850365,15.89736716,15.31234109,14.03102564,14.53171741,14.85578908,14.58551915,12.68873934,12.44607416,11.60451158,11.5770274,11.83102218,12.8204282,13.75439145,12.95492653,12.78582397,13.10572195,13.58066874,13.27125008,13.55655713,13.13977453,13.31835814,13.99293938,13.00991354,13.20114484,12.88651841,
Solomon Islands,SLB,Tax revenue (% of GDP),GC.TAX.TOTL.GD.ZS,,,,,,,,,,,,,,,,,,,,,,,,,,,,,,,,,,,,,,,,,,,,,,,,,,,,25.49407889,26.04854334,26.63016487,25.59557256,25.75539057,23.85932031,24.5312989,26.18998224,22.92684641,20.91889345,
Sierra Leone,SLE,Tax revenue (% of GDP),GC.TAX.TOTL.GD.ZS,,,,,,,,,,,,,,,,,,,,,,,,,,,,,,,,,,,,,,,,,,,,,,,,,,,,,,,,,,,,,,
El Salvador,SLV,Tax revenue (% of GDP),GC.TAX.TOTL.GD.ZS,,,,,,,,,,,,,,,,,,,,,,,,,,,,,,,,,,,,,,,9.879789825,10.43175691,10.6054957,13.30670083,12.09947074,12.67829709,12.65445486,14.5108178,15.67010773,16.74489691,17.06020329,14.97703052,15.81208071,15.34403351,16.18243583,17.05473522,16.7087952,16.75268491,17.35477562,17.75375106,18.12892354,18.071017,18.60161567,
San Marino,SMR,Tax revenue (% of GDP),GC.TAX.TOTL.GD.ZS,,,,,,,,,,,,,,,,,,,,,,,,,,,,,,,,,,,,,,,,,,,18.0982586,16.90549549,15.92509838,16.93509389,17.22250106,17.63826308,17.67091532,16.93910919,15.59202295,16.15303556,18.01625741,17.06623964,18.34558313,17.89022298,16.68951971,16.46884703,17.95681649,16.91273396,16.13626122,
Somalia,SOM,Tax revenue (% of GDP),GC.TAX.TOTL.GD.ZS,,,,,,,,,,,,,,,,,,,,,,,,,,,,,,,,,,,,,,,,,,,,,,,,,,,,,,,,,,0.000110002,0.000127943,0.000106728,7.78E-05,
Serbia,SRB,Tax revenue (% of GDP),GC.TAX.TOTL.GD.ZS,,,,,,,,,,,,,,,,,,,,,,,,,,,,,,,,,,,,,,,,,,,,,,,,21.30211447,21.14784382,20.00480647,20.22926705,19.05474094,18.55250021,20.83873843,21.9701414,22.35521329,23.28991506,24.0680383,23.59818704,24.04973493,23.49801885,
Sub-Saharan Africa (excluding high income),SSA,Tax revenue (% of GDP),GC.TAX.TOTL.GD.ZS,,,,,,,,,,,,,,,,,,,,,,,,,,,,,,,,,,,,,,,,,,,,,,,,,,,,,,,,,,,,,,
South Sudan,SSD,Tax revenue (% of GDP),GC.TAX.TOTL.GD.ZS,,,,,,,,,,,,,,,,,,,,,,,,,,,,,,,,,,,,,,,,,,,,,,,,,,,,,,,,,,,,,,
Sub-Saharan Africa,SSF,Tax revenue (% of GDP),GC.TAX.TOTL.GD.ZS,,,,,,,,,,,,,,,,,,,,,,,,,,,,,,,,,,,,,,,,,,,,,,,,,,,,,,,,,,,,,,
Small states,SST,Tax revenue (% of GDP),GC.TAX.TOTL.GD.ZS,,,,,,,,,,,,,,,,,,,,,,,,,,,,,,,,,,,,,,,,,,,,,,,,,,,,,,,,,,,,,,
Sao Tome and Principe,STP,Tax revenue (% of GDP),GC.TAX.TOTL.GD.ZS,,,,,,,,,,,,,,,,,,,,,,,,,,,,,,,,,,,,,,,,,,,,,,,,,,,,,,,,,,,,,,
Suriname,SUR,Tax revenue (% of GDP),GC.TAX.TOTL.GD.ZS,,,,,,,,,,,,,,,,,,,,,,,,,,,,,,,,,,,,,,,,,,,,,,,,,,,,,,,,,,,,,,
Slovak Republic,SVK,Tax revenue (% of GDP),GC.TAX.TOTL.GD.ZS,,,,,,,,,,,,,,,,,,,,,,,,,,,,,,,,,,,,23.24173885,21.41857791,20.4621209,20.16276134,19.74585658,18.5017738,17.27538131,17.11824696,17.683025,17.29287612,18.0071099,16.80084739,16.74890053,16.44580869,15.52330827,15.06333902,16.03843021,15.57710677,16.75469041,17.49578392,18.16182193,18.14781305,18.6157824,18.61266707,18.70319606,18.77116987,
Slovenia,SVN,Tax revenue (% of GDP),GC.TAX.TOTL.GD.ZS,,,,,,,,,,,,,,,,,,,,,,,,,,,,,,,,,,,,19.42547021,20.10296951,19.80170463,20.50207507,20.83884299,20.09583877,19.94939687,20.50326951,20.66557028,20.63425511,21.14899849,20.89386003,20.07475112,19.40795922,17.99715112,18.05730237,17.83916427,17.86731691,17.89986941,18.16881795,18.49388308,18.60665782,18.33812242,18.52567345,18.22340591,16.95270515,
Sweden,SWE,Tax revenue (% of GDP),GC.TAX.TOTL.GD.ZS,,,,,,,,,,,,,19.03154657,17.5879283,17.07161175,16.48086238,19.36533453,19.97065889,18.31231858,16.80435948,16.30302903,16.71192514,16.37055473,16.83525574,17.69084968,20.19334805,19.14674979,21.57013574,21.67240453,21.28758926,21.61999624,19.66714805,17.14186346,15.44674785,14.82155902,26.73239027,27.31122031,27.51485027,29.6705614,30.2978502,29.85892496,27.89281277,26.76316689,26.89448063,27.25350276,28.55686546,28.56030814,28.50704068,27.47193716,27.23353846,27.39951886,26.6327334,26.30391073,26.46754063,26.51489081,27.13684171,28.1205047,28.12738509,27.9091466,27.41270183,26.85001235,
Eswatini,SWZ,Tax revenue (% of GDP),GC.TAX.TOTL.GD.ZS,,,,,,,,,,,,,,,,,,,,,,,,,,,,,,,,,,,,,,,,,,,,,,,,,,,,,,,,,,,,,,
Sint Maarten (Dutch part),SXM,Tax revenue (% of GDP),GC.TAX.TOTL.GD.ZS,,,,,,,,,,,,,,,,,,,,,,,,,,,,,,,,,,,,,,,,,,,,,,,,,,,,,,,,,,,,,,
Seychelles,SYC,Tax revenue (% of GDP),GC.TAX.TOTL.GD.ZS,,,,,,,,,,,,,,,,,,,,,,,,,,30.6581459,31.95856214,34.85929304,35.99450292,36.78675189,,,,35.35999348,31.96714646,27.63522169,26.93784497,26.96494204,26.43613532,27.21809933,26.08089261,,,,,27.30000996,24.69255027,23.25125933,22.36789046,25.2417028,27.85138935,31.49106655,30.40517837,28.06605578,29.11589921,28.79368939,30.34193656,31.06962423,31.51752589,,,
Syrian Arab Republic,SYR,Tax revenue (% of GDP),GC.TAX.TOTL.GD.ZS,,,,,,,,,,,,,,,,,,,,,,,,,,,,,,,,,,,,,,,,,,,,,,,,,,,,,,,,,,,,,,
Turks and Caicos Islands,TCA,Tax revenue (% of GDP),GC.TAX.TOTL.GD.ZS,,,,,,,,,,,,,,,,,,,,,,,,,,,,,,,,,,,,,,,,,,,,,,,,,,,,,,,,,,,,,,
Chad,TCD,Tax revenue (% of GDP),GC.TAX.TOTL.GD.ZS,,,,,,,,,,,,,,,,,,,,,,,,,,,,,,,,,,,,,,,,,,,,,,,,,,,,,,,,,,,,,,
East Asia & Pacific (IDA & IBRD countries),TEA,Tax revenue (% of GDP),GC.TAX.TOTL.GD.ZS,,,,,,,,,,,,,,,,,,,,,,,,,,,,,,,,,,,,,,,,,,,,,,9.060684202,9.559824585,10.17436112,10.68769055,10.63805821,10.52765582,10.74799564,10.69420622,10.44202843,10.187102,9.908244328,9.629845181,9.827133872,9.52641873,9.043212042,8.559120696,
Europe & Central Asia (IDA & IBRD countries),TEC,Tax revenue (% of GDP),GC.TAX.TOTL.GD.ZS,,,,,,,,,,,,,,,,,,,,,,,,,,,,,,,,,,,,,,,,13.1018111,14.62254536,15.41842526,14.47050832,14.51849353,14.3628437,,,17.35242121,17.10422333,15.30110582,15.55589581,16.07018673,15.58587898,15.39405529,15.38500831,14.34495373,13.70234038,14.02540563,14.58112239,14.14126957,14.18211947,
Togo,TGO,Tax revenue (% of GDP),GC.TAX.TOTL.GD.ZS,,,,,,,,,,,,,,,,,,,,,,,,,,,,,,,,,,,,,,,,,,,,,13.14635208,12.8777438,13.88591562,15.36898502,14.2474836,14.41500542,14.54282208,15.97026891,15.87966385,16.86006417,18.39938624,18.95427306,13.95827871,13.04222753,12.70954333,13.15518747,,
Thailand,THA,Tax revenue (% of GDP),GC.TAX.TOTL.GD.ZS,,,,,,,,,,,,,11.04115235,10.17334549,12.58381061,11.193868,10.7838382,11.60892172,11.66140898,12.37412805,13.14314967,13.47697636,12.64055577,14.13958244,14.10679378,13.6878369,13.61614666,13.64999061,14.80673226,15.58057288,16.90732301,17.41350398,15.59178399,15.39927671,16.03568902,16.44093082,16.72621763,16.10547926,13.78816744,12.8892156,12.9767329,13.07021832,13.47031276,14.4815688,14.85333091,16.06186027,15.63699271,15.14315656,15.3848864,14.19423084,14.93264755,16.36183479,15.44093567,17.0125248,15.80833907,16.14061659,15.36208784,14.77967697,14.91490941,14.65257545,14.48029796,
Tajikistan,TJK,Tax revenue (% of GDP),GC.TAX.TOTL.GD.ZS,,,,,,,,,,,,,,,,,,,,,,,,,,,,,,,,,,,,,,,7.689066615,8.209442379,7.703083898,8.201926827,,9.702188432,9.821023787,,,,,,,,,,,,,,,,,
Turkmenistan,TKM,Tax revenue (% of GDP),GC.TAX.TOTL.GD.ZS,,,,,,,,,,,,,,,,,,,,,,,,,,,,,,,,,,,,,,,,,,,,,,,,,,,,,,,,,,,,,,
Latin America & the Caribbean (IDA & IBRD countries),TLA,Tax revenue (% of GDP),GC.TAX.TOTL.GD.ZS,,,,,,,,,,,,,,,,,,,,,,,,,,,,,,,,,,,,,,,,,,,,,,,,,,,13.16923983,13.64629097,13.35153297,13.32238577,13.23953788,13.74838088,13.81268574,13.46387489,13.59994583,13.6004196,13.37097952,
Timor-Leste,TLS,Tax revenue (% of GDP),GC.TAX.TOTL.GD.ZS,,,,,,,,,,,,,,,,,,,,,,,,,,,,,,,,,,,,,,,,,,,,,,,,,,,110.1827704,135.5004501,147.6612527,93.87901109,62.80056244,36.07246764,14.99513508,19.84374599,24.80563419,22.64204736,,
Middle East & North Africa (IDA & IBRD countries),TMN,Tax revenue (% of GDP),GC.TAX.TOTL.GD.ZS,,,,,,,,,,,,,,,,,,,,,,,,,,,,,,,,,,,,,,13.8421652,,,,,10.84704381,10.92571683,11.25748786,12.26304777,12.66828976,12.69042623,12.93180742,13.19017229,,,,,,,,,,,,
Tonga,TON,Tax revenue (% of GDP),GC.TAX.TOTL.GD.ZS,,,,,,,,,,,,,,,,,,,,,,,,,,,,,,,,,,,,,,,,,,,,,,,,,,,,,,,,,,,,,,
South Asia (IDA & IBRD),TSA,Tax revenue (% of GDP),GC.TAX.TOTL.GD.ZS,,,,,,,,,,,,,,,8.558810469,9.23052288,9.380134623,8.856840729,9.542171522,9.967007521,9.482800953,9.672412839,9.63512684,9.647614646,9.728592418,10.31361119,10.75004828,10.41141539,10.65907821,10.81748571,10.28487438,10.42531366,10.06415762,8.840152804,9.264363055,9.53350945,9.50697791,9.618492512,8.813938692,9.310799848,9.029426071,8.187696452,8.694131883,9.051690143,9.49137778,9.95776969,10.85892379,11.68169886,10.74138621,9.731935312,10.23746406,10.10089385,10.66775486,10.81593859,9.899170122,10.48236212,10.91583538,11.13111168,11.74852427,,,
Sub-Saharan Africa (IDA & IBRD countries),TSS,Tax revenue (% of GDP),GC.TAX.TOTL.GD.ZS,,,,,,,,,,,,,,,,,,,,,,,,,,,,,,,,,,,,,,,,,,,,,,,,,,,,,,,,,,,,,,
Trinidad and Tobago,TTO,Tax revenue (% of GDP),GC.TAX.TOTL.GD.ZS,,,,,,,,,,,,,,,,,29.58870323,32.62133602,28.74988203,29.18213284,35.6508085,34.844169,,,,,,,,,,,,,,,,,,,,22.12128594,20.45549831,21.30154983,22.02505646,26.3787008,30.25758765,25.99529034,29.48840531,26.82740606,26.24401846,25.6437422,26.28334865,25.38646337,26.6909287,26.32809592,22.59307204,18.91993465,19.92983611,,,
Tunisia,TUN,Tax revenue (% of GDP),GC.TAX.TOTL.GD.ZS,,,,,,,,,,,,,17.78922717,18.95248849,17.86406512,20.22510624,19.94826694,21.26921849,22.61765772,21.79671458,20.9913854,21.63863527,22.78120057,23.06769464,22.97891585,21.99962954,22.5168985,20.56177118,20.50088908,20.1514093,19.95340107,20.38441075,20.49935064,21.00797927,20.76414271,20.48581381,19.83761925,18.44103315,19.18316383,19.13116645,19.29236853,19.59749767,19.54062466,18.74526478,18.67219383,18.87750472,18.51071549,19.06787394,20.49980823,20.04816181,19.19975083,20.17485594,20.11548772,,,,,,,,,
Turkiye,TUR,Tax revenue (% of GDP),GC.TAX.TOTL.GD.ZS,,,,,,,,,,,,,13.4209616,14.31318681,13.17063332,14.72230841,16.26579203,16.66193316,16.51178962,14.59270725,14.33869919,15.2689533,,13.93806901,10.80096922,11.34561411,11.72819518,12.14195571,11.0271659,11.24919113,11.55833127,12.49517351,12.9688266,13.34277157,15.2014677,13.9767747,15.19952105,19.05053839,14.6683801,,,,,,,,,,17.50228731,18.07393495,18.85902049,18.57091787,18.10718164,18.3638081,17.94581705,18.18078068,18.26558723,17.71815774,17.27719713,16.52640111,17.6472612,
Tuvalu,TUV,Tax revenue (% of GDP),GC.TAX.TOTL.GD.ZS,,,,,,,,,,,,,,,,,,,,,,,,,,,,,,,,,,,,,,,,,,,,,,,,,,,,,,,,,,,,,,
Tanzania,TZA,Tax revenue (% of GDP),GC.TAX.TOTL.GD.ZS,,,,,,,,,,,,,,,,,,,,,,,,,,,,,,,,,,,,,,,,,,,,,,,,,,11.53417446,9.912261583,9.793982,10.43300402,10.72192345,11.36379689,10.49249549,11.39033994,11.82656497,11.69508309,,,
Uganda,UGA,Tax revenue (% of GDP),GC.TAX.TOTL.GD.ZS,,,,,,,,,,,,,,,,,,,,,,,,,,,,,,,,,,,,,,,,,,,,,,,,,,,,,,,,10.80177081,11.11956297,11.60472367,11.68286865,12.23637947,11.39116331,
Ukraine,UKR,Tax revenue (% of GDP),GC.TAX.TOTL.GD.ZS,,,,,,,,,,,,,,,,,,,,,,,,,,,,,,,,,,,,,,,,12.99175112,13.61538199,11.66241269,12.63279714,13.16162595,12.81409146,16.52877057,17.09216344,15.81795379,17.09171786,15.78923638,14.99750577,17.84004927,17.63331542,16.89868434,17.29434784,20.45136542,19.63011981,20.0523677,20.14255251,19.1961401,19.1514003,
Upper middle income,UMC,Tax revenue (% of GDP),GC.TAX.TOTL.GD.ZS,,,,,,,,,,,,,,,,,,,,,,,,,,,,,,,,,,,,,,,,,,,,,,10.66339158,11.07955523,11.62589064,12.02938107,11.69432494,12.00860447,12.31311948,12.13068504,11.95947259,11.6867343,11.40026674,11.13254143,11.27553293,11.17380452,10.80267184,10.58562977,
Uruguay,URY,Tax revenue (% of GDP),GC.TAX.TOTL.GD.ZS,,,,,,,,,,,,,13.68094992,10.44732195,12.71035527,12.23612691,15.52333454,15.84769476,16.02307268,14.44700072,15.82577762,16.73906481,14.00555378,15.12129764,13.86925665,15.94975265,16.76322844,15.96544635,15.18910308,14.53217809,16.2025864,16.79324032,17.24085747,19.38949411,19.03440938,16.87875803,17.35110223,16.78079246,16.98284177,15.27828517,14.69913704,15.30598158,15.77767622,17.2060059,17.84620462,17.89692197,18.98805557,18.41050909,18.24184127,18.72222095,18.88638874,19.1018313,18.82188561,19.04138547,18.56113854,18.50947757,21.8249441,18.29475007,18.56029922,18.15426823,18.55216068,
United States,USA,Tax revenue (% of GDP),GC.TAX.TOTL.GD.ZS,,,,,,,,,,,,,11.8199373,11.49521249,11.83762036,11.1858005,10.74883688,11.61864632,11.54235905,12.00380766,12.13835265,12.55050996,11.97862664,10.34826823,10.15971565,10.38424016,10.16304589,10.94884573,10.59594327,10.78244038,10.46528476,10.32034243,9.984161837,10.30493432,10.62350664,10.98098904,11.37391458,11.82819655,12.32982914,12.25997931,12.97080036,11.8577039,9.868012202,9.390699103,9.537472979,10.68173114,11.31047567,11.28991352,10.27619094,7.90351822,8.563225761,9.538930988,9.76391603,10.48350933,10.93318083,11.22900841,10.91413748,11.74891961,9.925032466,10.0305628,9.940306135,
Uzbekistan,UZB,Tax revenue (% of GDP),GC.TAX.TOTL.GD.ZS,,,,,,,,,,,,,,,,,,,,,,,,,,,,,,,,,,,,,,,,,,,,,,,,,,,,12.36625676,13.17440777,13.80047989,13.47039298,13.55775403,13.43296306,11.6417474,14.15764697,12.6953747,14.86743149,
St. Vincent and the Grenadines,VCT,Tax revenue (% of GDP),GC.TAX.TOTL.GD.ZS,,,,,,,,,,,,,,,,,,,,,,,,,,,,,,,18.25914113,19.57735015,18.48150517,18.70561298,19.77017966,19.22130283,19.95486134,20.56486826,21.17430138,20.69311999,19.69909144,19.36285022,20.71661284,19.82706388,19.59298391,19.72447055,20.81832828,20.89507656,22.64470805,22.43107955,21.6672662,21.38479342,21.8446857,20.37058154,22.499874,22.65953743,24.35213655,23.69903104,,,,
"Venezuela, RB",VEN,Tax revenue (% of GDP),GC.TAX.TOTL.GD.ZS,,,,,,,,,,,,,,,,,,,,,,,,,,,,,,,,,,,,,,,,,,,,,,,,,,,,,,,,,,,,,,
British Virgin Islands,VGB,Tax revenue (% of GDP),GC.TAX.TOTL.GD.ZS,,,,,,,,,,,,,,,,,,,,,,,,,,,,,,,,,,,,,,,,,,,,,,,,,,,,,,,,,,,,,,
Virgin Islands (U.S.),VIR,Tax revenue (% of GDP),GC.TAX.TOTL.GD.ZS,,,,,,,,,,,,,,,,,,,,,,,,,,,,,,,,,,,,,,,,,,,,,,,,,,,,,,,,,,,,,,
Vietnam,VNM,Tax revenue (% of GDP),GC.TAX.TOTL.GD.ZS,,,,,,,,,,,,,,,,,,,,,,,,,,,,,,,,,,,,,,,,,,,,,,,,,,,,,,,,,,,,,,
Vanuatu,VUT,Tax revenue (% of GDP),GC.TAX.TOTL.GD.ZS,,,,,,,,,,,,,,,,,,,,,,,,,,,,,,,20.18513835,,,,,17.90147748,18.57191781,18.09150161,17.73552187,17.12485185,,,,,,,,,,16.49619805,16.19453505,16.44234816,17.3819159,18.22981783,18.33757009,16.90670876,16.80018534,17.12917198,17.8372705,17.59466055,14.23740771,
World,WLD,Tax revenue (% of GDP),GC.TAX.TOTL.GD.ZS,,,,,,,,,,,,,,,,,,,,,,,,,,,,,,,,14.20816543,13.90236393,13.73501261,,,,,,15.43270922,,,,,,14.09627356,14.56582359,14.78652193,14.39366516,13.18109448,13.37279305,13.71902106,13.80684406,13.9935125,13.97149359,13.97536061,13.86245388,14.19793843,13.84404243,13.79827281,13.57629293,
Samoa,WSM,Tax revenue (% of GDP),GC.TAX.TOTL.GD.ZS,,,,,,,,,,,,,,,,,,,,,,,,,,,,,,,,,,,,,,,,,,,,,,,,,,,,,20.87908394,23.50961339,24.93128297,23.56373156,24.24749859,24.97311417,25.43553649,26.17447768,26.28460792,
Kosovo,XKX,Tax revenue (% of GDP),GC.TAX.TOTL.GD.ZS,,,,,,,,,,,,,,,,,,,,,,,,,,,,,,,,,,,,,,,,,,,,,,,,,,,,,,,,,,,,,,
"Yemen, Rep.",YEM,Tax revenue (% of GDP),GC.TAX.TOTL.GD.ZS,,,,,,,,,,,,,,,,,,,,,,,,,,,,,,,,,,,,,,,,,,,,,,,,,,,,,,,,,,,,,,
South Africa,ZAF,Tax revenue (% of GDP),GC.TAX.TOTL.GD.ZS,,,,,,,,,,,,,15.02706145,15.66954035,15.50688049,16.28742515,16.21160886,17.11741425,17.34111775,17.64883195,17.79657366,17.06284638,18.12792144,17.9500098,19.10036979,20.81317565,20.11717119,19.90587637,20.83862125,23.18883537,21.18745151,20.99614293,18.87998931,19.86883596,19.60437432,20.29552602,20.98463648,21.24983956,21.96394314,21.75993124,20.97606325,21.70059143,20.82489277,20.49276709,21.69859607,22.97211118,24.37808538,24.80723728,24.32280987,21.8948743,22.52060388,22.87467001,23.34576599,23.83139136,24.43193422,25.0486927,24.82835599,24.76928729,24.92068438,24.95684349,23.45379204,
Zambia,ZMB,Tax revenue (% of GDP),GC.TAX.TOTL.GD.ZS,,,,,,,,,,,,,,,,,,,,,,,,,,,,,,,19.48288336,17.4938312,18.71092625,15.04017112,17.23651829,15.68950016,16.10561795,16.05009567,16.18818713,16.95430849,,16.54070446,15.44001287,14.85951988,15.31705863,14.7947686,13.7115293,14.08251458,13.25930378,11.68751583,12.83484241,14.71594332,14.8923643,14.34710932,15.76103033,14.39396393,13.35318143,15.18485696,16.58706547,16.67762266,16.44259689,
Zimbabwe,ZWE,Tax revenue (% of GDP),GC.TAX.TOTL.GD.ZS,,,,,,,,,,,,,,,,,,,,,,,,,,,,,,,,,,,,,,,,,,,,,,,,,,9.196892339,17.43492371,17.9282542,17.83548922,,,17.6733632,15.45834082,15.87437453,13.60312563,,,
